playlist,name,artist,uri,danceability,energy,key,loudness,mode,speechiness,acousticness,instrumentalness,liveness,valence,tempo,duration,artist_genres,artist_popularity,artist_followers,playlist_url
opera,La traviata / Act I: Libiamo ne'lieti calici,Giuseppe Verdi,spotify:track:41ujv4mhxlqR8nlnieDpDp,0.424,0.214,10,-17.688,1,0.0763,0.962,2.9e-05,0.681,0.282,113.211,175507,"['classical', 'italian opera', 'italian romanticism', 'late romantic era']",59,632098,https://open.spotify.com/playlist/37i9dQZF1DWVfS4Cdd3PNf?si=5a7af5f35e974d3c
opera,"Handel: Serse, HWV 40, Act 1, Scene 1: Arioso. ""Ombra mai fù"" (Serse)",George Frideric Handel,spotify:track:4fBqGaGJfEqTQDX4d7Hcil,0.13,0.119,4,-20.19,1,0.0453,0.928,0.0235,0.162,0.0399,89.042,203760,"['baroque', 'classical', 'early music', 'english baroque', 'german baroque']",63,876577,https://open.spotify.com/playlist/37i9dQZF1DWVfS4Cdd3PNf?si=5a7af5f35e974d3c
opera,Turandot / Act 3: Nessun dorma!,Giacomo Puccini,spotify:track:3b9Dae2aPvOGKNOcdhj9CP,0.242,0.356,2,-13.189,1,0.046,0.971,0.0306,0.161,0.152,89.202,402040,"['classical', 'italian opera', 'italian romanticism', 'post-romantic era']",58,438919,https://open.spotify.com/playlist/37i9dQZF1DWVfS4Cdd3PNf?si=5a7af5f35e974d3c
opera,"Norma / Act 1 Scene 1: ""Casta Diva"" (Critical Ed. Maurizio Biondi and Riccardo Minasi)",Vincenzo Bellini,spotify:track:0l0e0M0j3T92RnVjka2UQ4,0.207,0.0881,5,-20.445,1,0.0514,0.992,0.301,0.0924,0.0379,175.509,390253,"['classical', 'early romantic era', 'italian opera', 'italian romanticism', 'opera']",43,47255,https://open.spotify.com/playlist/37i9dQZF1DWVfS4Cdd3PNf?si=5a7af5f35e974d3c
opera,"Madama Butterfly / Act 2: ""Un bel dì vedremo""",Giacomo Puccini,spotify:track:5E7gz5CbmUBNerBQg19ULz,0.156,0.0675,1,-19.141,1,0.0486,0.975,0.000222,0.101,0.0487,57.921,273133,"['classical', 'italian opera', 'italian romanticism', 'post-romantic era']",58,438919,https://open.spotify.com/playlist/37i9dQZF1DWVfS4Cdd3PNf?si=5a7af5f35e974d3c
opera,"Handel: Rinaldo, HWV 7, Act 2: ""Lascia ch'io pianga"" (Almirena)",George Frideric Handel,spotify:track:2Sbb5o2R6zci4L0xEQhsvK,0.219,0.0337,4,-22.761,1,0.0537,0.985,0.00542,0.0857,0.0417,76.1,332320,"['baroque', 'classical', 'early music', 'english baroque', 'german baroque']",63,876577,https://open.spotify.com/playlist/37i9dQZF1DWVfS4Cdd3PNf?si=5a7af5f35e974d3c
opera,"L'elisir d'amore / Act 2: ""Una furtiva lagrima...Eccola!""",Gaetano Donizetti,spotify:track:1aedGJcS0OmGSzzO5iskIV,0.239,0.0613,5,-19.506,0,0.0479,0.979,6.61e-06,0.286,0.0939,175.148,400507,"['classical', 'early romantic era', 'italian opera', 'italian romanticism', 'opera']",45,74728,https://open.spotify.com/playlist/37i9dQZF1DWVfS4Cdd3PNf?si=5a7af5f35e974d3c
opera,"Il barbiere di Siviglia (The Barber of Seville), Act I: Cavatina: Largo al factotum della citta",Gioachino Rossini,spotify:track:5p4BRlcUzvRpApjjEFAtUq,0.484,0.266,0,-17.623,1,0.113,0.982,0.013,0.222,0.4,98.607,300107,"['classical', 'italian opera', 'italian romanticism']",50,215661,https://open.spotify.com/playlist/37i9dQZF1DWVfS4Cdd3PNf?si=5a7af5f35e974d3c
opera,Gianni Schicchi: O mio babbino caro,Giacomo Puccini,spotify:track:4ErQ9so16QNxy0srB7vJE7,0.311,0.252,8,-15.76,1,0.0394,0.98,0.389,0.625,0.0887,71.598,169880,"['classical', 'italian opera', 'italian romanticism', 'post-romantic era']",58,438919,https://open.spotify.com/playlist/37i9dQZF1DWVfS4Cdd3PNf?si=5a7af5f35e974d3c
opera,"Dido and Aeneas / Act 3: ""Thy Hand Belinda - When I Am Laid In Earth""",Henry Purcell,spotify:track:7zY5vYh9YGBwU63IacQpn4,0.14,0.0179,6,-28.038,0,0.055,0.962,0.000603,0.21,0.0383,83.078,246240,"['baroque', 'classical', 'early music', 'english baroque']",53,162609,https://open.spotify.com/playlist/37i9dQZF1DWVfS4Cdd3PNf?si=5a7af5f35e974d3c
opera,"Bizet: Carmen, WD 31, Act 1: Habanera. ""L'amour est un oiseau rebelle"" (Carmen, Chœur)",Georges Bizet,spotify:track:3pzBD8BVdrv7VJ7glRYshl,0.364,0.0592,2,-21.757,1,0.057,0.978,0.0,0.0823,0.185,123.789,275467,"['classical', 'french opera', 'french romanticism', 'late romantic era']",57,253867,https://open.spotify.com/playlist/37i9dQZF1DWVfS4Cdd3PNf?si=5a7af5f35e974d3c
opera,"Mozart: Die Zauberflöte, K. 620, Act 2: Queen of the Night Aria. ""Der Hölle Rache kocht in meinem Herzen"" (Königin)",Wolfgang Amadeus Mozart,spotify:track:2IRMCtPrxmJwpyfCF8WcJA,0.434,0.278,2,-15.908,0,0.103,0.944,0.000193,0.0736,0.163,147.96,182893,"['classical', 'classical era']",72,5249434,https://open.spotify.com/playlist/37i9dQZF1DWVfS4Cdd3PNf?si=5a7af5f35e974d3c
opera,"Julius Caesar, HWV 17, Act III Scene 1: Flow, my tears (Cleopatra)",George Frideric Handel,spotify:track:4s4te4NrRBGBcQpzYMx8ER,0.161,0.0278,4,-27.037,1,0.0528,0.95,3.04e-05,0.0844,0.084,72.204,410907,"['baroque', 'classical', 'early music', 'english baroque', 'german baroque']",63,876577,https://open.spotify.com/playlist/37i9dQZF1DWVfS4Cdd3PNf?si=5a7af5f35e974d3c
opera,"Madama Butterfly, SC 74, Act II: Addio fiorito asil",Giacomo Puccini,spotify:track:0X0XYtZ3Ldihq2HccbVUTE,0.194,0.274,1,-13.199,1,0.0409,0.977,0.00255,0.0804,0.0562,136.602,127427,"['classical', 'italian opera', 'italian romanticism', 'post-romantic era']",58,438919,https://open.spotify.com/playlist/37i9dQZF1DWVfS4Cdd3PNf?si=5a7af5f35e974d3c
opera,"Pagliacci / Act 1: ""Recitar!...Vesti la giubba""",Ruggero Leoncavallo,spotify:track:1gcF7SWXRSlceY4AadLGN8,0.176,0.201,4,-17.344,1,0.0423,0.961,0.00707,0.194,0.0446,83.433,248307,"['italian opera', 'italian romanticism', 'opera']",37,10214,https://open.spotify.com/playlist/37i9dQZF1DWVfS4Cdd3PNf?si=5a7af5f35e974d3c
opera,"Tosca / Act 2: ""Vissi d'arte, vissi d'amore""",Giacomo Puccini,spotify:track:7llzoWbL1ToAHq9IL3F84D,0.265,0.147,8,-20.715,1,0.0451,0.988,0.0148,0.433,0.0391,76.331,285733,"['classical', 'italian opera', 'italian romanticism', 'post-romantic era']",58,438919,https://open.spotify.com/playlist/37i9dQZF1DWVfS4Cdd3PNf?si=5a7af5f35e974d3c
opera,"Don Giovanni, K.527 / Act 1: ""Là ci darem la mano""",Wolfgang Amadeus Mozart,spotify:track:2YGtQqSZ6a4VNPN1Xlnd2m,0.348,0.0694,9,-21.597,1,0.0514,0.977,0.00326,0.0798,0.162,89.367,192000,"['classical', 'classical era']",72,5249434,https://open.spotify.com/playlist/37i9dQZF1DWVfS4Cdd3PNf?si=5a7af5f35e974d3c
opera,"Rigoletto, Atto III, Canzone: ""La donna è mobile""",Giuseppe Verdi,spotify:track:0OVK1MteIBXXJARVHFFhXY,0.387,0.226,11,-14.384,1,0.0555,0.97,0.0585,0.0789,0.162,135.994,141880,"['classical', 'italian opera', 'italian romanticism', 'late romantic era']",59,632098,https://open.spotify.com/playlist/37i9dQZF1DWVfS4Cdd3PNf?si=5a7af5f35e974d3c
opera,"Porgy and Bess / Act 1: ""Summertime""",George Gershwin,spotify:track:6KPHeapd7OZ6W0jEoOWT6L,0.24,0.195,11,-18.034,0,0.0428,0.941,0.00303,0.112,0.158,83.406,525933,"['american modern classical', 'classical', 'early modern classical', 'tin pan alley']",46,310194,https://open.spotify.com/playlist/37i9dQZF1DWVfS4Cdd3PNf?si=5a7af5f35e974d3c
opera,"La Gioconda, Op. 9: Cielo e mar!",Amilcare Ponchielli,spotify:track:11y8qjbqbXbE6T6kbbY98I,0.245,0.248,3,-16.564,1,0.0497,0.987,0.0319,0.125,0.0498,96.333,263987,"['classical', 'italian opera', 'italian romanticism', 'late romantic era']",40,15250,https://open.spotify.com/playlist/37i9dQZF1DWVfS4Cdd3PNf?si=5a7af5f35e974d3c
opera,"Eugene Onegin, Op. 24, TH.5 / Act 1: Letter scene. ""Puskai pogilabnu ya, no pryezhde""",Pyotr Ilyich Tchaikovsky,spotify:track:2EWOmTryJH9gIZ49WW7CsY,0.233,0.0641,1,-22.343,1,0.0561,0.973,9.41e-05,0.6,0.0394,80.58,797000,"['classical', 'classical drill', 'late romantic era', 'russian romanticism']",67,1234086,https://open.spotify.com/playlist/37i9dQZF1DWVfS4Cdd3PNf?si=5a7af5f35e974d3c
opera,"Tannhäuser, WWV 70, Act II: Dich, teure Halle, grüß ich wieder",Richard Wagner,spotify:track:5dBHELm9dGc3kKsPeYIYKd,0.237,0.233,4,-13.073,0,0.0488,0.983,0.000296,0.0856,0.0395,168.872,221187,"['classical', 'german opera', 'german romanticism', 'late romantic era']",52,625711,https://open.spotify.com/playlist/37i9dQZF1DWVfS4Cdd3PNf?si=5a7af5f35e974d3c
opera,"La Bohème / Act 1: ""O soave fanciulla""",Giacomo Puccini,spotify:track:07k71c8312GKekT3pdz5Cj,0.16,0.0718,0,-21.947,1,0.0474,0.986,0.0157,0.0889,0.0395,69.479,261160,"['classical', 'italian opera', 'italian romanticism', 'post-romantic era']",58,438919,https://open.spotify.com/playlist/37i9dQZF1DWVfS4Cdd3PNf?si=5a7af5f35e974d3c
opera,"Lakmé / Act 1: Viens, Mallika, ... Dôme épais",Léo Delibes,spotify:track:4L2D6eUEQOdvAyjc0khFAW,0.23,0.0596,11,-22.228,1,0.0434,0.976,3.54e-05,0.413,0.0627,83.771,363493,"['classical', 'french opera', 'french romanticism', 'late romantic era']",56,53523,https://open.spotify.com/playlist/37i9dQZF1DWVfS4Cdd3PNf?si=5a7af5f35e974d3c
opera,"Carmen / Act II: Toreador Song: ""Votre toast, je peux vous le rendre"" (from Carmen / Act 2)",Georges Bizet,spotify:track:4GtwsI12udoBup7wWj7uEa,0.468,0.358,10,-12.535,0,0.0783,0.959,0.228,0.154,0.585,112.47,229013,"['classical', 'french opera', 'french romanticism', 'late romantic era']",57,253867,https://open.spotify.com/playlist/37i9dQZF1DWVfS4Cdd3PNf?si=5a7af5f35e974d3c
opera,"Giordano: Andrea Chénier, Act 3: ""La mamma morta"" (Maddalena)",Umberto Giordano,spotify:track:36soyVMvHB2FRb0DgLr9ll,0.218,0.134,2,-13.005,1,0.0439,0.969,0.000223,0.0884,0.0388,90.038,295627,"['italian opera', 'italian romanticism', 'opera', 'post-romantic era']",36,4922,https://open.spotify.com/playlist/37i9dQZF1DWVfS4Cdd3PNf?si=5a7af5f35e974d3c
opera,"Il Trovatore / Act 3: ""Di quella pira""",Giuseppe Verdi,spotify:track:0rzDX4x0oSI2Gs3mPEvoIl,0.36,0.366,0,-11.636,1,0.0683,0.975,0.00229,0.375,0.386,80.491,203613,"['classical', 'italian opera', 'italian romanticism', 'late romantic era']",59,632098,https://open.spotify.com/playlist/37i9dQZF1DWVfS4Cdd3PNf?si=5a7af5f35e974d3c
opera,"Orfeo ed Euridice: ""Act III, Scene 1, Orfeo: Che farò senza Euridice? """,Christoph Willibald Gluck,spotify:track:2Yi7qbnLkyfgLNjscJt5dU,0.205,0.0643,7,-22.231,1,0.0716,0.965,9.7e-06,0.243,0.055,71.084,268133,"['classical', 'classical era', 'early modern classical', 'early music', 'galante era']",51,35525,https://open.spotify.com/playlist/37i9dQZF1DWVfS4Cdd3PNf?si=5a7af5f35e974d3c
opera,"Manon Lescaut / Act II: ""In quelle trine morbide""",Giacomo Puccini,spotify:track:3nbcin8kl89hboxQBKaLR0,0.181,0.114,10,-17.469,0,0.0501,0.987,0.0779,0.1,0.0383,168.13,167787,"['classical', 'italian opera', 'italian romanticism', 'post-romantic era']",58,438919,https://open.spotify.com/playlist/37i9dQZF1DWVfS4Cdd3PNf?si=5a7af5f35e974d3c
opera,Péchés de vieillesse / Vol. III: Tirana pour deux voix (Les amants de Séville),Gioachino Rossini,spotify:track:5aZLy88M7aNW2RgnwV2kkW,0.426,0.233,0,-17.419,1,0.0636,0.985,0.00125,0.0966,0.287,117.022,268880,"['classical', 'italian opera', 'italian romanticism']",50,215661,https://open.spotify.com/playlist/37i9dQZF1DWVfS4Cdd3PNf?si=5a7af5f35e974d3c
opera,"Lohengrin, WWV 75, Act III: In ferner Land, unnahbar euren Schritten (Lohengrin, The King, Men, Women)",Richard Wagner,spotify:track:6b6hCrBgNSxipCt8pTyrWD,0.183,0.13,9,-18.623,1,0.0457,0.924,3.32e-05,0.337,0.0484,63.47,649427,"['classical', 'german opera', 'german romanticism', 'late romantic era']",52,625711,https://open.spotify.com/playlist/37i9dQZF1DWVfS4Cdd3PNf?si=5a7af5f35e974d3c
opera,"La Bohème / Act 1: ""Sì. Mi chiamano Mimì""",Giacomo Puccini,spotify:track:6Y0zSUxBvofKQsdLDPwEJ0,0.329,0.168,2,-13.707,1,0.045,0.991,0.0126,0.237,0.0396,90.165,278693,"['classical', 'italian opera', 'italian romanticism', 'post-romantic era']",58,438919,https://open.spotify.com/playlist/37i9dQZF1DWVfS4Cdd3PNf?si=5a7af5f35e974d3c
opera,Die lustige Witwe (The Merry Widow) (2000 - Remaster): XIV. Lippen schweigen (Danilo/Hanna),Franz Lehár,spotify:track:4fIx0q4mrpO6Q2FVspeLCr,0.206,0.0759,7,-20.477,1,0.0459,0.983,0.0101,0.179,0.0648,84.552,148027,"['german opera', 'operetta', 'post-romantic era']",35,9822,https://open.spotify.com/playlist/37i9dQZF1DWVfS4Cdd3PNf?si=5a7af5f35e974d3c
opera,"Werther: ""Pourquoi me réveiller, ô souffle du printemps?""",Jules Massenet,spotify:track:47KC5PP73D2eqdmnaLPAOy,0.205,0.186,6,-18.988,0,0.0412,0.939,0.753,0.119,0.0965,79.817,183520,"['classical', 'french opera', 'french romanticism', 'post-romantic era']",50,33479,https://open.spotify.com/playlist/37i9dQZF1DWVfS4Cdd3PNf?si=5a7af5f35e974d3c
opera,Jenufa / Act 2: Co chvila ... co chvila,Leoš Janáček,spotify:track:7yNPM54qUND5OGfFh5btnn,0.211,0.19,11,-15.225,1,0.057,0.965,0.000345,0.638,0.0375,77.409,227893,"['classical', 'contemporary classical', 'czech classical', 'early modern classical', 'post-romantic era']",40,25133,https://open.spotify.com/playlist/37i9dQZF1DWVfS4Cdd3PNf?si=5a7af5f35e974d3c
opera,"Die tote Stadt (The Dead City), Op. 12: Act I Scene 5: Gluck, das mir verblieb (Marietta, Paul)",Erich Wolfgang Korngold,spotify:track:47xZ59XjNaGgnmWy2X1WUL,0.0925,0.103,10,-24.231,1,0.0435,0.922,0.342,0.17,0.0579,82.612,328160,"['classic soundtrack', 'early modern classical']",34,13480,https://open.spotify.com/playlist/37i9dQZF1DWVfS4Cdd3PNf?si=5a7af5f35e974d3c
opera,"Rossini: Tancredi, Act 1: ""Oh patria!... Tu che accendi questo core... Di tanti palpiti"" (Tancredi)",Gioachino Rossini,spotify:track:4dE0YDyMRnZg6Xr4TpqWj1,0.275,0.0433,5,-24.994,1,0.052,0.982,3.34e-06,0.148,0.0396,168.477,535227,"['classical', 'italian opera', 'italian romanticism']",50,215661,https://open.spotify.com/playlist/37i9dQZF1DWVfS4Cdd3PNf?si=5a7af5f35e974d3c
opera,"Adams: The Death of Klinghoffer, Prologue: Chorus of Exiled Palestinians",John Adams,spotify:track:5L9bEvb3CdE9LQWe5hAhD2,0.17,0.0413,5,-22.141,0,0.0388,0.939,0.607,0.0842,0.0478,90.465,520000,"['21st century classical', 'american contemporary classical', 'classical', 'compositional ambient', 'contemporary classical', 'minimalism', 'post-minimalism']",35,60391,https://open.spotify.com/playlist/37i9dQZF1DWVfS4Cdd3PNf?si=5a7af5f35e974d3c
opera,"Les Contes d'Hoffmann, Act III: Entr'acte (Orchestra)...Belle nuite, ô nuit d'amour : Barcarolle (Une voix/Giulietta/Chorus)",Jules Barbier,spotify:track:6pDSf6GQH4LbBWT1mQIUN1,0.105,0.101,2,-25.323,1,0.0455,0.918,0.000316,0.147,0.0998,69.869,228600,[],19,266,https://open.spotify.com/playlist/37i9dQZF1DWVfS4Cdd3PNf?si=5a7af5f35e974d3c
opera,"Verdi: Il trovatore, Act 4: ""D'amor sull'ali rosee"" (Leonora)",Giuseppe Verdi,spotify:track:3rczjlfY4MKNVMIadbegbb,0.301,0.102,8,-19.334,1,0.0538,0.989,0.00599,0.063,0.0521,78.544,228800,"['classical', 'italian opera', 'italian romanticism', 'late romantic era']",59,632098,https://open.spotify.com/playlist/37i9dQZF1DWVfS4Cdd3PNf?si=5a7af5f35e974d3c
opera,"The Bartered Bride, Act I Scene V: Introduction. Polka",Bedřich Smetana,spotify:track:6AvtenMXMuwN6OuOV8nyCo,0.436,0.254,0,-17.977,1,0.0354,0.868,0.0471,0.106,0.442,103.023,279800,"['classical', 'czech classical', 'early modern classical', 'late romantic era']",51,92845,https://open.spotify.com/playlist/37i9dQZF1DWVfS4Cdd3PNf?si=5a7af5f35e974d3c
opera,Aniara: Act II Scene 4: Jag anar dödens skugga …,Karl-Birger Blomdahl,spotify:track:2VxItoS2Zw3hytTbVkle85,0.186,0.0378,1,-27.122,1,0.0461,0.863,9.36e-06,0.324,0.0325,90.371,185933,['early modern classical'],15,510,https://open.spotify.com/playlist/37i9dQZF1DWVfS4Cdd3PNf?si=5a7af5f35e974d3c
opera,"Thomas: Act I: Soma, Soma … (Chorus, Thomas)",Einojuhani Rautavaara,spotify:track:78NkLB4BpbghyGHGScMFLv,0.165,0.214,8,-21.288,0,0.0633,0.983,0.0443,0.29,0.0353,167.809,266800,"['contemporary classical', 'finnish classical', 'finnish contemporary classical', 'nordic contemporary classical']",22,9584,https://open.spotify.com/playlist/37i9dQZF1DWVfS4Cdd3PNf?si=5a7af5f35e974d3c
opera,"Mathis Der Maler, 6th Tableau, Scene 1: Der liebste Vater, eer verstand mich (Regina/Mathis)",Paul Hindemith,spotify:track:6cBuuO6BUacsua6WC6LAaw,0.215,0.0321,7,-22.763,0,0.0425,0.987,0.00485,0.0712,0.0581,87.343,214560,"['austro-german modernism', 'classical', 'contemporary classical', 'early modern classical', 'laboratorio', 'neoclassicism']",35,19000,https://open.spotify.com/playlist/37i9dQZF1DWVfS4Cdd3PNf?si=5a7af5f35e974d3c
opera,"Kullervo, Op. 61: Act I Scene 2: Mina tahdon olla tuoksuva ja lammin kuin nuori leipa (Smith's Young Wife)",Aulis Sallinen,spotify:track:11jAVzBi6jVe6iLhl0vzLk,0.243,0.0181,8,-30.389,1,0.0455,0.927,8.57e-06,0.106,0.0343,78.853,186293,"['finnish classical', 'finnish contemporary classical']",12,1136,https://open.spotify.com/playlist/37i9dQZF1DWVfS4Cdd3PNf?si=5a7af5f35e974d3c
opera,"Les Troyens, Op. 29, H 133, Act V: No. 38. ""Vallon sonore""",Hector Berlioz,spotify:track:1inCGcskZI0yUF82Zer4Gc,0.116,0.0376,7,-24.447,0,0.0462,0.962,0.0274,0.0949,0.0436,75.195,335200,"['classical', 'early modern classical', 'french romanticism']",39,109552,https://open.spotify.com/playlist/37i9dQZF1DWVfS4Cdd3PNf?si=5a7af5f35e974d3c
opera,Il Re Pastore - Aria: Barbaro! Oh Dio! Mi Vedi,Wolfgang Amadeus Mozart,spotify:track:3y6uXIq7vXLGCxeWo2QaPm,0.377,0.0691,5,-20.548,1,0.0815,0.955,1.11e-06,0.122,0.073,76.912,362107,"['classical', 'classical era']",72,5249434,https://open.spotify.com/playlist/37i9dQZF1DWVfS4Cdd3PNf?si=5a7af5f35e974d3c
opera,"Cavalleria rusticana: ""Voi lo sapete, o mamma""",Pietro Mascagni,spotify:track:6tEZyaOnTWUby6MvelM4CU,0.207,0.181,4,-17.19,0,0.0483,0.982,0.000332,0.167,0.0395,167.621,218400,"['classical', 'italian opera', 'italian romanticism', 'opera', 'post-romantic era']",46,45109,https://open.spotify.com/playlist/37i9dQZF1DWVfS4Cdd3PNf?si=5a7af5f35e974d3c
opera,Meyerbeer: Les Huguenots: Et maintenant je dois offrir - Act Two,Giacomo Meyerbeer,spotify:track:1AYBkVyiXRRGKjOmBStqLZ,0.289,0.582,1,-13.572,1,0.279,0.896,0.0642,0.669,0.231,96.93,318893,"['classical era', 'early romantic era', 'french opera', 'german opera', 'german romanticism']",33,4759,https://open.spotify.com/playlist/37i9dQZF1DWVfS4Cdd3PNf?si=5a7af5f35e974d3c
opera,"Gounod : Faust : Act 1 ""Ne permettrez-vous pas"" [Faust, Méphistophélès, Marguerite, Siébel, Chorus]",Charles Gounod,spotify:track:4L67mAp4vqOiYVZ2eS7HE3,0.298,0.125,2,-20.375,1,0.0647,0.977,0.00267,0.09,0.0739,115.223,243400,"['classical', 'french opera', 'french romanticism', 'late romantic era']",47,29878,https://open.spotify.com/playlist/37i9dQZF1DWVfS4Cdd3PNf?si=5a7af5f35e974d3c
opera,"Il re pastore, K. 208, Act I Scene 3: Si spande al sole in faccia",Wolfgang Amadeus Mozart,spotify:track:3Om5wgsfqIvLcW9H0x2dda,0.368,0.352,2,-7.822,1,0.0325,0.967,0.013,0.068,0.333,121.346,281547,"['classical', 'classical era']",72,5249434,https://open.spotify.com/playlist/37i9dQZF1DWVfS4Cdd3PNf?si=5a7af5f35e974d3c
opera,"Britten: The Turn of the Screw, Op. 54, Act 1: The Tower. ""How Beautiful It Is"" (Governess)",Benjamin Britten,spotify:track:4XDXB2H7R1Y9KmPk6i8BDY,0.316,0.0245,2,-27.357,1,0.0518,0.973,0.0296,0.0962,0.039,110.964,223131,"['british modern classical', 'classical', 'early modern classical', 'neoclassicism']",46,45255,https://open.spotify.com/playlist/37i9dQZF1DWVfS4Cdd3PNf?si=5a7af5f35e974d3c
opera,"Tannhäuser - Paris Version / Act III: O du, mein holder Abendstern",Richard Wagner,spotify:track:5ki0dDFazDqshp9Sxyivac,0.194,0.0184,7,-31.486,1,0.0411,0.966,0.0327,0.0984,0.0397,70.511,180640,"['classical', 'german opera', 'german romanticism', 'late romantic era']",52,625711,https://open.spotify.com/playlist/37i9dQZF1DWVfS4Cdd3PNf?si=5a7af5f35e974d3c
opera,"Palestrina, WoO17, Pt. 3, Scene 1: Wie lange sie bleiben (Choristers/Palestrina/Ighino)",Hans Pfitzner,spotify:track:1obP7HZZhatjkyNDqbRxUa,0.158,0.0651,6,-24.355,1,0.041,0.958,0.00848,0.148,0.0388,82.637,536373,"['early modern classical', 'german opera', 'german romanticism', 'post-romantic era']",16,1543,https://open.spotify.com/playlist/37i9dQZF1DWVfS4Cdd3PNf?si=5a7af5f35e974d3c
opera,"Strauss, R: Der Rosenkavalier, Op. 59, Act III: ""Marie Theres'! Hab' mir's gelobt"" (Octavian, Marschallin, Sophie)",Richard Strauss,spotify:track:2aOKfKWXuvyujQpPNwoHXm,0.112,0.188,1,-16.388,1,0.0449,0.977,0.000748,0.146,0.0365,82.126,279120,"['classical', 'german romanticism', 'post-romantic era']",51,231030,https://open.spotify.com/playlist/37i9dQZF1DWVfS4Cdd3PNf?si=5a7af5f35e974d3c
opera,Bluebeard's Castle: VI. Fifth Door - Bluebeard's Vast and Beautiful Kingdom,Béla Bartók,spotify:track:4Vd3XrtbTMUDTT7UYc0o1F,0.305,0.153,0,-18.898,1,0.0422,0.955,0.14,0.191,0.0685,138.311,365933,"['classical', 'early modern classical', 'neoclassicism']",47,102222,https://open.spotify.com/playlist/37i9dQZF1DWVfS4Cdd3PNf?si=5a7af5f35e974d3c
opera,"Wagner: Der fliegende Holländer, WWV 63, Act 2: ""Johohoe! Traft ihr das Schiff im Meere an"" (Senta, Chorus) - Live",Richard Wagner,spotify:track:1e4TxTGrRwuZqiquUkcxq9,0.225,0.114,7,-25.83,0,0.0642,0.969,0.000171,0.207,0.0373,75.736,419573,"['classical', 'german opera', 'german romanticism', 'late romantic era']",52,625711,https://open.spotify.com/playlist/37i9dQZF1DWVfS4Cdd3PNf?si=5a7af5f35e974d3c
opera,"Pelléas et Mélisande, CD 93, Act III: Mes longs cheveux descendent",Claude Debussy,spotify:track:3tI4bQdZlg0y5zXgNmXzXy,0.294,0.051,9,-28.207,0,0.0582,0.975,0.000698,0.503,0.0372,122.85,359667,"['classical', 'impressionism', 'post-romantic era']",66,1480400,https://open.spotify.com/playlist/37i9dQZF1DWVfS4Cdd3PNf?si=5a7af5f35e974d3c
opera,"Die Meistersinger von Nürnberg, WWV 96 / Act 3: ""Selig, wie die Sonne""",Richard Wagner,spotify:track:0chObh71oD0pYijuxNSU5S,0.16,0.176,6,-17.977,1,0.0404,0.971,0.0234,0.429,0.0396,82.277,299333,"['classical', 'german opera', 'german romanticism', 'late romantic era']",52,625711,https://open.spotify.com/playlist/37i9dQZF1DWVfS4Cdd3PNf?si=5a7af5f35e974d3c
opera,"Idomeneo, K. 366, Atto II Scena 2: No. 11, Aria ""Se il padre perdei"" (Ilia)",Wolfgang Amadeus Mozart,spotify:track:2Z088O7SZC87DBKZvChCFi,0.246,0.0613,3,-23.329,1,0.0428,0.98,0.00423,0.148,0.0888,91.037,293067,"['classical', 'classical era']",72,5249434,https://open.spotify.com/playlist/37i9dQZF1DWVfS4Cdd3PNf?si=5a7af5f35e974d3c
opera,"Betrothal in a Monastery, Op. 86, Act I Tableau 1 Scene 8: ""Druzya, ukhodite""",Sergei Prokofiev,spotify:track:1GhIGedE1Jf8IkmmBHoYH7,0.188,0.0232,5,-33.62,1,0.037,0.865,0.0694,0.0889,0.056,137.706,199160,"['classical', 'early modern classical', 'neoclassicism', 'russian modern classical']",55,247901,https://open.spotify.com/playlist/37i9dQZF1DWVfS4Cdd3PNf?si=5a7af5f35e974d3c
classical_essentials,"Cello Suite No. 1 in G Major, BWV 1007: I. Prélude",Johann Sebastian Bach,spotify:track:61dYvvfIRtIDFuqZypPAta,0.257,0.109,7,-21.356,1,0.0597,0.9,0.867,0.0762,0.307,75.02,151480,"['baroque', 'classical', 'early music', 'german baroque']",75,4187595,https://open.spotify.com/playlist/37i9dQZF1DWWEJlAGA9gs0?si=ac84fa50f7d14eb8
classical_essentials,"The Well-Tempered Clavier, Book 1, BWV 846-869 / Prelude & Fugue in C Major, BWV 846: I. Prelude",Johann Sebastian Bach,spotify:track:4SFBV7SRNG2e2kyL1F6kjU,0.221,0.126,0,-25.427,1,0.0447,0.989,0.897,0.102,0.216,133.63,139307,"['baroque', 'classical', 'early music', 'german baroque']",75,4187595,https://open.spotify.com/playlist/37i9dQZF1DWWEJlAGA9gs0?si=ac84fa50f7d14eb8
classical_essentials,"Bagatelle No. 25 in A Minor, WoO 59 ""Für Elise""",Ludwig van Beethoven,spotify:track:3zLTPuucd3e6TxZnu2dlVS,0.289,0.0306,9,-30.79,0,0.0446,0.987,0.911,0.102,0.118,125.61,212067,"['classical', 'classical era', 'early romantic era', 'german romanticism']",69,5128929,https://open.spotify.com/playlist/37i9dQZF1DWWEJlAGA9gs0?si=ac84fa50f7d14eb8
classical_essentials,"Suite No. 3 in D Major, BWV 1068: II. Air",Johann Sebastian Bach,spotify:track:0DqFXzLtKkj9JO421NJpl1,0.0769,0.0846,2,-25.997,1,0.045,0.922,0.929,0.113,0.0586,176.329,363253,"['baroque', 'classical', 'early music', 'german baroque']",75,4187595,https://open.spotify.com/playlist/37i9dQZF1DWWEJlAGA9gs0?si=ac84fa50f7d14eb8
classical_essentials,Pachelbel: Canon and Gigue in D Major: Canon,Johann Pachelbel,spotify:track:712Pm7DCa8lL8dGZ7LdXQS,0.123,0.15,2,-16.647,1,0.035,0.714,0.913,0.103,0.0904,84.183,300613,"['baroque', 'classical', 'german baroque']",55,156528,https://open.spotify.com/playlist/37i9dQZF1DWWEJlAGA9gs0?si=ac84fa50f7d14eb8
classical_essentials,"Handel / Orch. Hale: Keyboard Suite No. 4 in D Minor, HWV 437: III. Sarabande",George Frideric Handel,spotify:track:1upQiytDIEZfl9ItruoXuC,0.0939,0.0336,2,-24.041,0,0.0606,0.927,0.83,0.0954,0.0516,67.359,207267,"['baroque', 'classical', 'early music', 'english baroque', 'german baroque']",63,876577,https://open.spotify.com/playlist/37i9dQZF1DWWEJlAGA9gs0?si=ac84fa50f7d14eb8
classical_essentials,Gnossienne No. 1,Erik Satie,spotify:track:5fdp9rXfEixCGLM1Og4EN1,0.376,0.00579,5,-31.615,0,0.0576,0.996,0.944,0.0882,0.0369,71.827,296480,"['classical', 'early avant garde', 'early modern classical', 'impressionism', 'post-romantic era']",64,781585,https://open.spotify.com/playlist/37i9dQZF1DWWEJlAGA9gs0?si=ac84fa50f7d14eb8
classical_essentials,"The Carnival of the Animals, R. 125: XIII. The Swan (Arr. for Cello and Piano)",Camille Saint-Saëns,spotify:track:0jOnZhF75V68VsBObWx2XO,0.169,0.0161,9,-31.034,0,0.0442,0.986,0.86,0.0805,0.0573,128.143,174267,"['classical', 'french romanticism', 'late romantic era']",62,355756,https://open.spotify.com/playlist/37i9dQZF1DWWEJlAGA9gs0?si=ac84fa50f7d14eb8
classical_essentials,"Suite bergamasque, L. 75: III. Clair de lune",Claude Debussy,spotify:track:1cmigB9I6IRpFqjIbzvSQB,0.335,0.00501,1,-33.366,1,0.0451,0.993,0.919,0.0618,0.0383,132.085,294960,"['classical', 'impressionism', 'post-romantic era']",66,1480400,https://open.spotify.com/playlist/37i9dQZF1DWWEJlAGA9gs0?si=ac84fa50f7d14eb8
classical_essentials,Méditation from Thaïs,Jules Massenet,spotify:track:0XfFRLi9G87t57kqZAzeef,0.114,0.0701,4,-23.417,0,0.0445,0.87,0.431,0.0916,0.0371,89.33,331933,"['classical', 'french opera', 'french romanticism', 'post-romantic era']",50,33479,https://open.spotify.com/playlist/37i9dQZF1DWWEJlAGA9gs0?si=ac84fa50f7d14eb8
classical_essentials,"An der schönen blauen Donau, Op. 314",Johann Strauss II,spotify:track:4J0e4gEqaLQlG5EM0wws1K,0.233,0.0252,2,-24.824,1,0.0346,0.975,0.601,0.143,0.0936,94.736,707173,"['classical', 'late romantic era', 'operetta']",53,461206,https://open.spotify.com/playlist/37i9dQZF1DWWEJlAGA9gs0?si=ac84fa50f7d14eb8
classical_essentials,"Danse Macabre, Op. 40, R.171",Camille Saint-Saëns,spotify:track:5OenUWwcUBDltPyN1Hh40D,0.371,0.131,7,-23.899,0,0.0422,0.898,0.925,0.0847,0.0656,106.872,442693,"['classical', 'french romanticism', 'late romantic era']",62,355756,https://open.spotify.com/playlist/37i9dQZF1DWWEJlAGA9gs0?si=ac84fa50f7d14eb8
classical_essentials,Mahler: Symphony No. 5 in C-Sharp Minor: IV. Adagietto. Sehr langsam,Gustav Mahler,spotify:track:0cqcRqZgkNHanWQ8slYA0v,0.0783,0.0523,5,-23.247,1,0.0471,0.896,0.945,0.0806,0.0327,82.015,583293,"['classical', 'post-romantic era']",52,305432,https://open.spotify.com/playlist/37i9dQZF1DWWEJlAGA9gs0?si=ac84fa50f7d14eb8
classical_essentials,Rodrigo: Concierto de Aranjuez: II. Adagio,Joaquín Rodrigo,spotify:track:0k6P9cdEA9K3k0ASde2Kof,0.253,0.098,11,-19.878,0,0.0437,0.93,0.862,0.122,0.062,84.865,640267,"['classical', 'classical guitar', 'spanish classical']",45,42653,https://open.spotify.com/playlist/37i9dQZF1DWWEJlAGA9gs0?si=ac84fa50f7d14eb8
classical_essentials,"Sonata No. 14 ""Moonlight"" in C-Sharp Minor"", Op. 27 No. 2: I. Adagio sostenuto",Ludwig van Beethoven,spotify:track:3DNRdudZ2SstnDCVKFdXxG,0.184,0.00527,1,-37.264,0,0.0432,0.995,0.887,0.173,0.151,170.612,315427,"['classical', 'classical era', 'early romantic era', 'german romanticism']",69,5128929,https://open.spotify.com/playlist/37i9dQZF1DWWEJlAGA9gs0?si=ac84fa50f7d14eb8
classical_essentials,Scheherazade: The Tale of the Kalendar Prince,Nikolai Rimsky-Korsakov,spotify:track:04eShjKTWijeJJqGnhxpYK,0.235,0.0639,11,-24.404,0,0.049,0.962,0.603,0.466,0.0781,120.736,200360,"['avant-garde', 'classical', 'early modern classical', 'late romantic era', 'russian romanticism']",50,104839,https://open.spotify.com/playlist/37i9dQZF1DWWEJlAGA9gs0?si=ac84fa50f7d14eb8
classical_essentials,The Lark Ascending,Ralph Vaughan Williams,spotify:track:4YPPXfCUuKEWvvsnl64BEA,0.0946,0.0129,4,-32.298,0,0.0491,0.903,0.294,0.082,0.0382,82.741,933076,"['classical', 'early modern classical', 'post-romantic era']",49,97373,https://open.spotify.com/playlist/37i9dQZF1DWWEJlAGA9gs0?si=ac84fa50f7d14eb8
classical_essentials,"Piano Concerto No. 2 in C Minor, Op. 18: 2. Adagio sostenuto",Sergei Rachmaninoff,spotify:track:4rrrn8OLrttq7r9RgNXalU,0.194,0.0545,4,-24.877,1,0.0366,0.983,0.945,0.0551,0.0385,140.966,644273,"['classical', 'post-romantic era', 'russian romanticism', 'ukrainian classical']",61,665384,https://open.spotify.com/playlist/37i9dQZF1DWWEJlAGA9gs0?si=ac84fa50f7d14eb8
classical_essentials,"Ständchen in D Minor (After Schubert), S. 560",Franz Liszt,spotify:track:3GecLjGMqzjmgkvy2v41Wf,0.341,0.0142,2,-28.293,1,0.0388,0.993,0.921,0.113,0.0384,76.382,357747,"['classical', 'late romantic era']",59,772164,https://open.spotify.com/playlist/37i9dQZF1DWWEJlAGA9gs0?si=ac84fa50f7d14eb8
classical_essentials,"Chopin: Nocturne No. 20 in C-Sharp Minor, Op. Posth.",Frédéric Chopin,spotify:track:2MSgFefjK0T7Iwjvr3OKqV,0.225,0.0047,1,-30.928,0,0.0509,0.992,0.881,0.0722,0.186,163.665,259493,"['classical', 'early romantic era', 'polish classical']",71,3176984,https://open.spotify.com/playlist/37i9dQZF1DWWEJlAGA9gs0?si=ac84fa50f7d14eb8
classical_essentials,"Liebestraum No. 3 in A-Flat Major, S. 541 / 3",Franz Liszt,spotify:track:2u9VGZmVz7Rm01SfDgzcfA,0.279,0.0292,8,-26.804,1,0.0406,0.987,0.902,0.104,0.0338,136.732,293147,"['classical', 'late romantic era']",59,772164,https://open.spotify.com/playlist/37i9dQZF1DWWEJlAGA9gs0?si=ac84fa50f7d14eb8
classical_essentials,"Andante festivo for Strings and Timpani, JS 34b",Jean Sibelius,spotify:track:3af6PvJHP8XlFMWeuN7bF8,0.113,0.161,7,-20.046,1,0.0442,0.484,0.928,0.16,0.0365,65.062,337840,"['classical', 'finnish classical', 'impressionism', 'post-romantic era']",57,226772,https://open.spotify.com/playlist/37i9dQZF1DWWEJlAGA9gs0?si=ac84fa50f7d14eb8
classical_essentials,"Piano Concerto No. 3 in C, Op. 26: 1. Andante - Allegro",Sergei Prokofiev,spotify:track:2b9jjrVhyalVAu9jmlH5eG,0.349,0.254,9,-16.207,0,0.0359,0.948,0.856,0.0843,0.101,133.429,564640,"['classical', 'early modern classical', 'neoclassicism', 'russian modern classical']",55,247901,https://open.spotify.com/playlist/37i9dQZF1DWWEJlAGA9gs0?si=ac84fa50f7d14eb8
classical_essentials,"Recomposed By Max Richter: Vivaldi, The Four Seasons: Spring 1 - 2012",Max Richter,spotify:track:4gmhjAsvL6c7se2PBh7dHw,0.701,0.341,1,-12.26,0,0.0418,0.499,0.903,0.359,0.163,105.513,151507,"['compositional ambient', 'post-minimalism']",69,926161,https://open.spotify.com/playlist/37i9dQZF1DWWEJlAGA9gs0?si=ac84fa50f7d14eb8
classical_essentials,"Piano Concerto in A Minor, Op. 16: I. Allegro molto moderato",Edvard Grieg,spotify:track:62yRch6aOnrQ44oftphdDq,0.319,0.0462,9,-26.425,0,0.0388,0.98,0.833,0.0942,0.037,113.946,766213,"['classical', 'late romantic era', 'norwegian classical']",61,515815,https://open.spotify.com/playlist/37i9dQZF1DWWEJlAGA9gs0?si=ac84fa50f7d14eb8
classical_essentials,"Piano Concerto in A Minor, Op. 16: I. Allegro molto moderato",Edvard Grieg,spotify:track:2Z4aQJh0kesRMookvtfR4y,0.302,0.119,9,-18.059,0,0.0386,0.975,0.887,0.11,0.0381,94.4,820853,"['classical', 'late romantic era', 'norwegian classical']",61,515815,https://open.spotify.com/playlist/37i9dQZF1DWWEJlAGA9gs0?si=ac84fa50f7d14eb8
classical_essentials,O Magnum Mysterium: O magnum mysterium,Morten Lauridsen,spotify:track:0S0YKiEdR9cT9pYgEaTevF,0.0623,0.0116,2,-27.893,1,0.0567,0.991,0.445,0.0816,0.0331,65.057,415800,"['american contemporary classical', 'choral', 'contemporary classical']",37,19071,https://open.spotify.com/playlist/37i9dQZF1DWWEJlAGA9gs0?si=ac84fa50f7d14eb8
classical_essentials,Barber: Adagio for Strings,Samuel Barber,spotify:track:1CSaCKPIp2yCIDL3t7Fyau,0.102,0.0733,10,-24.133,0,0.0488,0.974,0.859,0.28,0.0308,73.954,537427,"['american modern classical', 'classical']",48,113854,https://open.spotify.com/playlist/37i9dQZF1DWWEJlAGA9gs0?si=ac84fa50f7d14eb8
classical_essentials,"Elgar: Cello Concerto in E Minor, Op. 85: I. Adagio - Moderato",Edward Elgar,spotify:track:5pjDwtMPly0cNMbuGXhUOI,0.148,0.0722,4,-25.217,0,0.0427,0.944,0.148,0.115,0.0467,87.882,478573,"['british modern classical', 'classical', 'late romantic era', 'victorian britain']",55,168453,https://open.spotify.com/playlist/37i9dQZF1DWWEJlAGA9gs0?si=ac84fa50f7d14eb8
classical_essentials,Khachaturian: Spartacus Suite No. 2: I. Adagio of Spartacus and Phrygia,Aram Khachaturian,spotify:track:2nVt0n0aSj3AwZjakMvDHX,0.165,0.106,8,-21.742,1,0.039,0.807,0.782,0.105,0.0336,105.651,592040,"['caucasian classical', 'classical', 'early modern classical', 'russian modern classical']",49,71170,https://open.spotify.com/playlist/37i9dQZF1DWWEJlAGA9gs0?si=ac84fa50f7d14eb8
classical_essentials,Prince Igor (Knyaz Igor): Act II: Polovtsian Dances - Ulyetay na kril'yahk vyetra (Fly away on the wings of the wind) (version for chorus),Alexander Borodin,spotify:track:4Dcm4KMuDz0l01weeSpD4J,0.292,0.246,2,-14.96,1,0.0385,0.922,0.525,0.107,0.0859,109.766,642573,"['classical', 'early modern classical', 'late romantic era', 'russian romanticism']",46,43685,https://open.spotify.com/playlist/37i9dQZF1DWWEJlAGA9gs0?si=ac84fa50f7d14eb8
classical_essentials,Piano Concerto in One Movement: Adagio cantabile,Florence Beatrice Price,spotify:track:3Yf8ais15iSDj9i0at2fOC,0.154,0.029,2,-26.927,1,0.0374,0.984,0.89,0.129,0.0376,78.51,371667,"['african-american classical', 'american modern classical', 'american romanticism']",41,13914,https://open.spotify.com/playlist/37i9dQZF1DWWEJlAGA9gs0?si=ac84fa50f7d14eb8
classical_essentials,"Elégie in C Minor, Op. 24 (Arr. Parkin for Cello Ensemble)",Gabriel Fauré,spotify:track:4WyfQ9OavlPgFqiaV1sy8V,0.115,0.0422,8,-24.137,1,0.0404,0.966,0.919,0.0896,0.037,87.855,455467,"['classical', 'post-romantic era']",59,190952,https://open.spotify.com/playlist/37i9dQZF1DWWEJlAGA9gs0?si=ac84fa50f7d14eb8
classical_essentials,"Ravel: Pavane pour une infante défunte, M. 19",Maurice Ravel,spotify:track:3MRQn2RYo2VLYMoStnLRxu,0.491,0.0176,4,-26.911,0,0.0644,0.994,0.927,0.0985,0.0901,125.793,346587,"['classical', 'impressionism', 'neoclassicism', 'post-romantic era']",57,481238,https://open.spotify.com/playlist/37i9dQZF1DWWEJlAGA9gs0?si=ac84fa50f7d14eb8
classical_essentials,"Violin Sonata in A major, FWV 8: IV. Allegretto poco mosso",César Franck,spotify:track:0xX7kREWmOGBWzYNcpZwRN,0.25,0.135,9,-18.615,1,0.0488,0.958,0.0349,0.0477,0.179,94.404,364093,"['classical', 'french romanticism', 'late romantic era']",43,47450,https://open.spotify.com/playlist/37i9dQZF1DWWEJlAGA9gs0?si=ac84fa50f7d14eb8
classical_essentials,"Piano Concerto No. 1 in B-Flat Minor, Op. 23: I. Allegro non troppo e molto maestoso - Allegro con spirito",Pyotr Ilyich Tchaikovsky,spotify:track:1Xy6MHSaX3IUGGqst6RzYM,0.212,0.119,1,-20.511,1,0.0366,0.976,0.907,0.087,0.0396,84.346,1252322,"['classical', 'classical drill', 'late romantic era', 'russian romanticism']",67,1234086,https://open.spotify.com/playlist/37i9dQZF1DWWEJlAGA9gs0?si=ac84fa50f7d14eb8
classical_essentials,Spiegel im Spiegel - Version for Violin and Piano,Arvo Pärt,spotify:track:4wudbbceOZKjRlhTtbHvAs,0.176,0.006,5,-42.238,1,0.0384,0.899,3.24e-05,0.105,0.0383,71.477,636000,"['21st century classical', 'baltic classical', 'classical', 'compositional ambient', 'contemporary classical', 'minimalism']",51,246268,https://open.spotify.com/playlist/37i9dQZF1DWWEJlAGA9gs0?si=ac84fa50f7d14eb8
classical_essentials,"Symphony No. 8 In B Minor, D.759 - ""Unfinished"": 1. Allegro moderato",Franz Schubert,spotify:track:62PbW2vKBkNcCEAUUZyuES,0.101,0.0326,11,-17.268,0,0.0386,0.903,0.863,0.117,0.0526,73.674,902467,"['classical', 'classical era', 'early romantic era']",61,1060754,https://open.spotify.com/playlist/37i9dQZF1DWWEJlAGA9gs0?si=ac84fa50f7d14eb8
classical_essentials,"Rhapsody on a Theme of Paganini, Op. 43: Variation No. 18 Andante cantabile",Sergei Rachmaninoff,spotify:track:5xcYuTciYwyCDPkOgYBAYz,0.205,0.0525,1,-23.841,1,0.0327,0.98,0.906,0.103,0.0511,88.316,174653,"['classical', 'post-romantic era', 'russian romanticism', 'ukrainian classical']",61,665384,https://open.spotify.com/playlist/37i9dQZF1DWWEJlAGA9gs0?si=ac84fa50f7d14eb8
classical_essentials,The Sorcerer's Apprentice,Paul Dukas,spotify:track:2OHnoGjn6X6kDwzO7Rw0Y9,0.351,0.206,1,-22.657,1,0.0597,0.797,0.255,0.0738,0.0839,130.415,577440,"['classical', 'early modern classical', 'french romanticism', 'impressionism', 'post-romantic era']",34,11064,https://open.spotify.com/playlist/37i9dQZF1DWWEJlAGA9gs0?si=ac84fa50f7d14eb8
classical_essentials,"Sechs Klavierstücke, Op. 118: II. Intermezzo in A Major",Johannes Brahms,spotify:track:1Oo7XEqkrwifJn17aA0ocF,0.299,0.00626,9,-30.923,1,0.0478,0.994,0.901,0.0823,0.0634,69.043,378733,"['classical', 'german romanticism', 'late romantic era']",65,924943,https://open.spotify.com/playlist/37i9dQZF1DWWEJlAGA9gs0?si=ac84fa50f7d14eb8
classical_essentials,"Violin Concerto No. 1 in G Minor, Op. 26: III. Finale. Allegro energico",Max Bruch,spotify:track:3bDA5rMBde88xVYgm1oIUw,0.365,0.0718,7,-21.408,1,0.0452,0.906,0.347,0.0506,0.255,90.666,463000,"['classical', 'german romanticism', 'late romantic era']",41,57092,https://open.spotify.com/playlist/37i9dQZF1DWWEJlAGA9gs0?si=ac84fa50f7d14eb8
classical_essentials,"Goldberg Variations, BWV 988: Var. 21",Johann Sebastian Bach,spotify:track:7emUlba3ePOU0zfv85HGNu,0.361,0.0659,7,-28.757,0,0.054,0.995,0.875,0.122,0.375,85.114,195243,"['baroque', 'classical', 'early music', 'german baroque']",75,4187595,https://open.spotify.com/playlist/37i9dQZF1DWWEJlAGA9gs0?si=ac84fa50f7d14eb8
classical_essentials,"Rêverie, L. 68: Rêverie",Claude Debussy,spotify:track:43bSKCMWHIuBsUVmQcDX1J,0.296,0.00896,7,-31.948,0,0.0394,0.994,0.91,0.0815,0.0673,69.44,257000,"['classical', 'impressionism', 'post-romantic era']",66,1480400,https://open.spotify.com/playlist/37i9dQZF1DWWEJlAGA9gs0?si=ac84fa50f7d14eb8
classical_essentials,"Petite Suite de Concert, Op. 77: III. Un sonnet d'amour",Samuel Coleridge-Taylor,spotify:track:57RRXysNvNZl8f5KPwEvuU,0.234,0.0251,9,-28.627,1,0.0449,0.937,0.202,0.101,0.04,126.31,220000,"['light music', 'post-romantic era', 'victorian britain']",37,8135,https://open.spotify.com/playlist/37i9dQZF1DWWEJlAGA9gs0?si=ac84fa50f7d14eb8
classical_essentials,"Serenade in B-Flat Major, K. 361 ""Gran Partita"": III. Adagio",Wolfgang Amadeus Mozart,spotify:track:0XkcuWNLacWDwEDmvq4CCy,0.171,0.037,3,-25.191,1,0.0409,0.991,0.898,0.123,0.037,67.89,330000,"['classical', 'classical era']",72,5249434,https://open.spotify.com/playlist/37i9dQZF1DWWEJlAGA9gs0?si=ac84fa50f7d14eb8
classical_essentials,String Quartet No. 2 in A Minor: II. Andante cantabile (Arr. Colbert for String Ensemble),Florence Beatrice Price,spotify:track:4dAudDd5aYKHSrVzMSR8HI,0.152,0.0283,9,-30.525,1,0.0468,0.706,0.563,0.162,0.0348,87.008,426890,"['african-american classical', 'american modern classical', 'american romanticism']",41,13914,https://open.spotify.com/playlist/37i9dQZF1DWWEJlAGA9gs0?si=ac84fa50f7d14eb8
classical_essentials,Il barbiere di Siviglia: Overture (Sinfonia),Gioachino Rossini,spotify:track:1chTrqszWQEOP4RsNuOZf7,0.322,0.14,4,-20.747,1,0.0489,0.906,0.759,0.125,0.285,92.122,425000,"['classical', 'italian opera', 'italian romanticism']",50,215661,https://open.spotify.com/playlist/37i9dQZF1DWWEJlAGA9gs0?si=ac84fa50f7d14eb8
classical_essentials,"Turandot, SC 91, Act III: Nessun dorma!",Giacomo Puccini,spotify:track:74WjYdm3Lvbwnds4thYPUU,0.212,0.301,2,-12.505,1,0.0384,0.963,0.0033,0.13,0.0798,84.025,177333,"['classical', 'italian opera', 'italian romanticism', 'post-romantic era']",58,438919,https://open.spotify.com/playlist/37i9dQZF1DWWEJlAGA9gs0?si=ac84fa50f7d14eb8
classical_essentials,"Peer Gynt, Op. 23: Act II, 7, In the Hall of the Mountain King",Edvard Grieg,spotify:track:3VQ7hwiEfaHDl3AySgyaiR,0.436,0.151,11,-20.745,0,0.0603,0.955,0.793,0.11,0.359,103.777,153267,"['classical', 'late romantic era', 'norwegian classical']",61,515815,https://open.spotify.com/playlist/37i9dQZF1DWWEJlAGA9gs0?si=ac84fa50f7d14eb8
classical_essentials,"Violin Concerto No. 2 in A Major, Op. 5: II. Largo",Joseph Boulogne Chevalier de Saint-Georges,spotify:track:3rBQFU7o7d7ezAVC1aXaVD,0.267,0.0699,2,-23.034,1,0.0468,0.816,0.0278,0.153,0.102,96.393,365997,['classical era'],40,19225,https://open.spotify.com/playlist/37i9dQZF1DWWEJlAGA9gs0?si=ac84fa50f7d14eb8
classical_essentials,"Paganini: 24 Caprices, Op. 1: No. 24 in A Minor",Niccolò Paganini,spotify:track:6cC6h5E351deEGFd7Kh9uy,0.465,0.128,9,-17.628,0,0.0519,0.978,0.271,0.0423,0.428,111.471,268853,"['classical', 'early romantic era', 'italian romanticism']",52,394356,https://open.spotify.com/playlist/37i9dQZF1DWWEJlAGA9gs0?si=ac84fa50f7d14eb8
classical_essentials,"Dolly Suite, Op. 56: I. Berceuse",Gabriel Fauré,spotify:track:3NbAsIxDL0fVgNuCLD152P,0.37,0.0076,4,-33.663,1,0.0384,0.995,0.91,0.0864,0.278,62.668,176518,"['classical', 'post-romantic era']",59,190952,https://open.spotify.com/playlist/37i9dQZF1DWWEJlAGA9gs0?si=ac84fa50f7d14eb8
classical_essentials,Dreamweaver: 2. Dreamsong,Ola Gjeilo,spotify:track:5L1D2edlnA2yvnO2IsHMZ0,0.207,0.15,1,-18.819,0,0.0394,0.991,0.827,0.0944,0.0395,86.339,173200,"['21st century classical', 'nordic contemporary classical']",55,45694,https://open.spotify.com/playlist/37i9dQZF1DWWEJlAGA9gs0?si=ac84fa50f7d14eb8
classical_essentials,"Goldberg Variations, BWV 988: Variatio 7 a 1 ovvero 2 Clav. Al tempo di Giga",Johann Sebastian Bach,spotify:track:5fzzSHwK0iFGanI4suSuCA,0.31,0.0555,7,-25.695,1,0.0395,0.994,0.906,0.121,0.566,70.515,140040,"['baroque', 'classical', 'early music', 'german baroque']",75,4187595,https://open.spotify.com/playlist/37i9dQZF1DWWEJlAGA9gs0?si=ac84fa50f7d14eb8
classical_essentials,"Prokofiev: Romeo and Juliet, Op. 64, Act 1, Scene 2: Dance of the Knights",Sergei Prokofiev,spotify:track:7HSs4srn1qnZhh7WRWBVOk,0.21,0.101,0,-19.383,1,0.0403,0.927,0.902,0.0776,0.153,86.314,341693,"['classical', 'early modern classical', 'neoclassicism', 'russian modern classical']",55,247901,https://open.spotify.com/playlist/37i9dQZF1DWWEJlAGA9gs0?si=ac84fa50f7d14eb8
classical_essentials,"Symphonic Variations on an African Air, Op. 63",Samuel Coleridge-Taylor,spotify:track:5xjh7foPsLNJClLE6c8B98,0.224,0.0291,7,-26.167,1,0.0455,0.959,0.845,0.11,0.0538,120.946,1215573,"['light music', 'post-romantic era', 'victorian britain']",37,8135,https://open.spotify.com/playlist/37i9dQZF1DWWEJlAGA9gs0?si=ac84fa50f7d14eb8
classical_essentials,The Rite of Spring: Part One: Adoration of the Earth: Introduction,Igor Stravinsky,spotify:track:1MiWGSGDC5mGoP3MNclZ7s,0.101,0.0241,11,-30.172,0,0.0485,0.947,0.847,0.0693,0.0329,87.14,208587,"['classical', 'early modern classical', 'neoclassicism', 'russian modern classical']",47,340336,https://open.spotify.com/playlist/37i9dQZF1DWWEJlAGA9gs0?si=ac84fa50f7d14eb8
classical_essentials,Violin Concerto No. 10 in G Major: Largo,Joseph Boulogne Chevalier de Saint-Georges,spotify:track:3Rw0Rg4LjlYnuxIyioW3vg,0.212,0.0517,2,-24.467,1,0.0525,0.928,0.639,0.112,0.152,185.678,397640,['classical era'],40,19225,https://open.spotify.com/playlist/37i9dQZF1DWWEJlAGA9gs0?si=ac84fa50f7d14eb8
classical_essentials,"The Gadfly Suite, Op. 97a: VIII. Romance",Dmitri Shostakovich,spotify:track:6VDHdry8ytOL2WWbePDxSD,0.116,0.0694,0,-23.624,1,0.0497,0.969,0.644,0.109,0.0377,169.789,195333,"['classical', 'compositional ambient', 'russian modern classical']",57,404822,https://open.spotify.com/playlist/37i9dQZF1DWWEJlAGA9gs0?si=ac84fa50f7d14eb8
classical_essentials,"Bist du bei mir (Formerly Attrib. J.S. Bach as BWV 508, Transcr. for Oboe, Solo Violin, Strings and Basso continuo)",Gottfried Heinrich Stölzel,spotify:track:5Gc6ZSgo7SJ2XceUOARmZv,0.188,0.0583,3,-18.702,1,0.0406,0.979,0.607,0.105,0.142,61.932,199000,"['baroque', 'german baroque']",33,898,https://open.spotify.com/playlist/37i9dQZF1DWWEJlAGA9gs0?si=ac84fa50f7d14eb8
classical_essentials,"The Four Seasons - Violin Concerto in F Minor, Op. 8 No. 4, RV 297 ""Winter"": I. Allegro non molto",Antonio Vivaldi,spotify:track:64ZxBE1ZgK4C0lGljXzDcG,0.48,0.163,5,-19.117,0,0.0645,0.81,0.754,0.093,0.212,158.366,204147,"['baroque', 'classical', 'early music', 'italian baroque']",68,2357288,https://open.spotify.com/playlist/37i9dQZF1DWWEJlAGA9gs0?si=ac84fa50f7d14eb8
classical_essentials,"Piano Concerto in C-Sharp Minor, FP 146: I. Allegretto commodo - Live",Francis Poulenc,spotify:track:6kg7bfwsTKzRqnBGGv4VqR,0.193,0.0839,8,-22.849,1,0.0406,0.971,0.822,0.118,0.0569,85.556,580253,"['classical', 'early modern classical', 'neoclassicism']",47,39132,https://open.spotify.com/playlist/37i9dQZF1DWWEJlAGA9gs0?si=ac84fa50f7d14eb8
classical_essentials,"Pelléas et Mélisande, Op. 80: 4. Sicilienne",Gabriel Fauré,spotify:track:0oIQl9tFpCiKBRavEIIGzo,0.164,0.0194,3,-34.126,1,0.0434,0.938,0.859,0.0939,0.0581,101.708,233400,"['classical', 'post-romantic era']",59,190952,https://open.spotify.com/playlist/37i9dQZF1DWWEJlAGA9gs0?si=ac84fa50f7d14eb8
classical_essentials,"Widmung, Op. 25 No. 1",Robert Schumann,spotify:track:2ml2xRwuFLv7NtDPzyssfL,0.243,0.0325,8,-23.379,1,0.0454,0.992,0.879,0.108,0.0404,74.26,237960,"['early romantic era', 'german romanticism']",64,542837,https://open.spotify.com/playlist/37i9dQZF1DWWEJlAGA9gs0?si=ac84fa50f7d14eb8
classical_essentials,"Violin Concerto in D Major, Op. 61: I. Allegro ma non troppo (Cadenza: Kreisler)",Ludwig van Beethoven,spotify:track:3v3TSr6ClqKFJUyTdgeYuL,0.23,0.105,2,-20.209,1,0.0492,0.954,0.0944,0.088,0.123,88.716,1637893,"['classical', 'classical era', 'early romantic era', 'german romanticism']",69,5128929,https://open.spotify.com/playlist/37i9dQZF1DWWEJlAGA9gs0?si=ac84fa50f7d14eb8
classical_essentials,"Serenade for Strings in C major, Op. 48: II. Walzer: Moderato, tempo di valse",Pyotr Ilyich Tchaikovsky,spotify:track:7uf3aFC1msj0t5cYImgOWy,0.241,0.122,7,-22.411,1,0.0497,0.925,0.66,0.126,0.187,66.325,209373,"['classical', 'classical drill', 'late romantic era', 'russian romanticism']",67,1234086,https://open.spotify.com/playlist/37i9dQZF1DWWEJlAGA9gs0?si=ac84fa50f7d14eb8
classical_essentials,"Symphony No. 40 in G Minor, K. 550: I. Molto allegro",Wolfgang Amadeus Mozart,spotify:track:2fC30Rt5tFa6FA2jNb4fiz,0.327,0.332,7,-12.971,0,0.0404,0.877,0.751,0.129,0.285,118.85,435160,"['classical', 'classical era']",72,5249434,https://open.spotify.com/playlist/37i9dQZF1DWWEJlAGA9gs0?si=ac84fa50f7d14eb8
classical_essentials,"Piano Concerto No. 5 in E-Flat Major, Op. 73 ""Emperor"": II. Adagio un poco mosso - Live at Konzerthaus Berlin / 2018",Ludwig van Beethoven,spotify:track:76wXMaJVSr0nSsKsSdwAiu,0.166,0.0363,11,-26.822,1,0.0381,0.978,0.922,0.0882,0.039,84.467,473787,"['classical', 'classical era', 'early romantic era', 'german romanticism']",69,5128929,https://open.spotify.com/playlist/37i9dQZF1DWWEJlAGA9gs0?si=ac84fa50f7d14eb8
classical_essentials,On the Nature of Daylight,Max Richter,spotify:track:56oReVXIfUO9xkX7pHmEU0,0.065,0.341,10,-12.743,0,0.0482,0.154,0.854,0.109,0.0334,65.38,371747,"['compositional ambient', 'post-minimalism']",69,926161,https://open.spotify.com/playlist/37i9dQZF1DWWEJlAGA9gs0?si=ac84fa50f7d14eb8
classical_essentials,"St. Matthew Passion, BWV 244 / Part Two: ""Erbarme dich""",Johann Sebastian Bach,spotify:track:58Q96yWnuBqlKEGd2vGyAg,0.24,0.0648,4,-25.208,0,0.0426,0.935,0.0272,0.258,0.0771,95.286,423107,"['baroque', 'classical', 'early music', 'german baroque']",75,4187595,https://open.spotify.com/playlist/37i9dQZF1DWWEJlAGA9gs0?si=ac84fa50f7d14eb8
classical_essentials,"Hungarian Dance No. 5 in G Minor, WoO 1, No. 5",Johannes Brahms,spotify:track:2cFsO1qC65joLn2GzRViBI,0.349,0.0503,6,-18.668,0,0.038,0.903,0.153,0.228,0.295,107.272,150507,"['classical', 'german romanticism', 'late romantic era']",65,924943,https://open.spotify.com/playlist/37i9dQZF1DWWEJlAGA9gs0?si=ac84fa50f7d14eb8
classical_essentials,"Cello Concerto No. 1, Op. 107: 1. Allegretto",Dmitri Shostakovich,spotify:track:4CD6Jf096kKD8F0eHK8yCw,0.463,0.162,7,-24.484,0,0.045,0.963,0.825,0.0943,0.374,125.514,359667,"['classical', 'compositional ambient', 'russian modern classical']",57,404822,https://open.spotify.com/playlist/37i9dQZF1DWWEJlAGA9gs0?si=ac84fa50f7d14eb8
classical_essentials,"Symphony No. 5 in C Minor, Op. 67: I. Allegro con brio",Ludwig van Beethoven,spotify:track:2ygeBLTP9uu3OW3VTulD8N,0.25,0.318,0,-15.605,0,0.0411,0.956,0.897,0.0976,0.188,98.171,442000,"['classical', 'classical era', 'early romantic era', 'german romanticism']",69,5128929,https://open.spotify.com/playlist/37i9dQZF1DWWEJlAGA9gs0?si=ac84fa50f7d14eb8
classical_essentials,"Goldberg Variations, BWV 988: Aria da capo",Johann Sebastian Bach,spotify:track:1aTpzY2ggWHhPi8p2f56u1,0.436,0.00518,7,-36.593,1,0.067,0.995,0.932,0.0788,0.275,135.286,224133,"['baroque', 'classical', 'early music', 'german baroque']",75,4187595,https://open.spotify.com/playlist/37i9dQZF1DWWEJlAGA9gs0?si=ac84fa50f7d14eb8
classical_essentials,"Cello Concerto In B Minor, Op. 104, B. 191: I. Allegro",Antonín Dvořák,spotify:track:0nE5LAhlotmOrADLNeU5n9,0.231,0.132,2,-20.277,1,0.0442,0.963,0.671,0.135,0.0557,121.238,942000,"['classical', 'czech classical', 'late romantic era']",60,587119,https://open.spotify.com/playlist/37i9dQZF1DWWEJlAGA9gs0?si=ac84fa50f7d14eb8
classical_essentials,Piazzolla: Libertango,Alison Balsom,spotify:track:0mcgXc8P5GyGtP9aY7zir6,0.367,0.316,9,-14.49,0,0.0429,0.927,0.779,0.113,0.242,149.089,273562,"['classical performance', 'classical trumpet']",34,25951,https://open.spotify.com/playlist/37i9dQZF1DWWEJlAGA9gs0?si=ac84fa50f7d14eb8
classical_essentials,Symphony No. 3 in C Minor: II. Andante ma non troppo,Florence Beatrice Price,spotify:track:5Wj90oTRAxvTUivep2HlUu,0.096,0.0325,8,-24.978,1,0.0416,0.977,0.852,0.0738,0.035,87.85,572520,"['african-american classical', 'american modern classical', 'american romanticism']",41,13914,https://open.spotify.com/playlist/37i9dQZF1DWWEJlAGA9gs0?si=ac84fa50f7d14eb8
classical_essentials,"Symphony No. 9 in E Minor, Op. 95 ""From the New World"": II. Largo - Live",Antonín Dvořák,spotify:track:3jLcwFns5S9OYQojN8XAkJ,0.154,0.00261,1,-36.267,1,0.0419,0.89,0.763,0.125,0.0366,83.549,775307,"['classical', 'czech classical', 'late romantic era']",60,587119,https://open.spotify.com/playlist/37i9dQZF1DWWEJlAGA9gs0?si=ac84fa50f7d14eb8
classical_essentials,Merry Christmas Mr. Lawrence (Arr. Metcalfe),Jess Gillam,spotify:track:6aHZQ2a2ZgBDLZsx1usftw,0.339,0.0592,10,-17.647,0,0.0373,0.984,0.863,0.12,0.198,105.908,277148,['classical saxophone'],40,11241,https://open.spotify.com/playlist/37i9dQZF1DWWEJlAGA9gs0?si=ac84fa50f7d14eb8
classical_essentials,"Tsar Saltan, Op. 57: Flight of the Bumblebee",André Previn,spotify:track:4fDodwdZ1LBDL2I2WCnUMY,0.458,0.11,9,-22.234,0,0.0309,0.977,0.903,0.359,0.481,83.43,84267,['orchestral performance'],59,34365,https://open.spotify.com/playlist/37i9dQZF1DWWEJlAGA9gs0?si=ac84fa50f7d14eb8
classical_essentials,"Symphony No. 5 in E-Flat Major, Op. 82: 3. Allegro molto",Jean Sibelius,spotify:track:2s7oaW721ExcKoyxzDWD1D,0.162,0.139,8,-20.694,1,0.0386,0.865,0.918,0.216,0.0903,94.009,481600,"['classical', 'finnish classical', 'impressionism', 'post-romantic era']",57,226772,https://open.spotify.com/playlist/37i9dQZF1DWWEJlAGA9gs0?si=ac84fa50f7d14eb8
classical_essentials,"String Sextet in D Minor, Op. 70, ""Souvenir de Florence"": I. Allegro con spirito",Pyotr Ilyich Tchaikovsky,spotify:track:72jIJDADnBLJKXV2yxv5N0,0.352,0.235,2,-16.235,1,0.0398,0.894,0.675,0.396,0.329,109.16,626240,"['classical', 'classical drill', 'late romantic era', 'russian romanticism']",67,1234086,https://open.spotify.com/playlist/37i9dQZF1DWWEJlAGA9gs0?si=ac84fa50f7d14eb8
classical_essentials,"Sonata for 2 Pianos in D Major, K. 448/375a: I. Allegro con spirito",Wolfgang Amadeus Mozart,spotify:track:3UkKnjU33EiKspyDjNPTOO,0.376,0.18,9,-21.004,1,0.0329,0.99,0.879,0.097,0.555,132.125,503000,"['classical', 'classical era']",72,5249434,https://open.spotify.com/playlist/37i9dQZF1DWWEJlAGA9gs0?si=ac84fa50f7d14eb8
classical_essentials,Hummel: Trumpet Concerto In E Flat - Iii Rondo,Johann Nepomuk Hummel,spotify:track:246ntJR3A2s7B5E40FTCLf,0.496,0.249,3,-18.131,1,0.0411,0.98,0.934,0.12,0.719,144.239,224640,"['classical era', 'early romantic era']",35,18666,https://open.spotify.com/playlist/37i9dQZF1DWWEJlAGA9gs0?si=ac84fa50f7d14eb8
classical_essentials,Young Person's Guide To The Orchestra,Benjamin Britten,spotify:track:0w4LgJ5G1Xz5jLS3HX8oyq,0.218,0.117,0,-18.585,1,0.0489,0.94,0.861,0.15,0.0599,77.009,1050893,"['british modern classical', 'classical', 'early modern classical', 'neoclassicism']",46,45255,https://open.spotify.com/playlist/37i9dQZF1DWWEJlAGA9gs0?si=ac84fa50f7d14eb8
classical_essentials,Grain Moon,Olivia Belli,spotify:track:1qRK1V8UVuAke4GhYtvJ9A,0.151,0.00818,3,-33.936,0,0.0367,0.91,0.898,0.101,0.0353,70.092,198759,['neo-classical'],51,19543,https://open.spotify.com/playlist/37i9dQZF1DWWEJlAGA9gs0?si=ac84fa50f7d14eb8
classical_essentials,"Serenade for Strings in E Major, Op. 22, B. 52: II. Tempo di valse",Antonín Dvořák,spotify:track:3sAYxq1986j3ydqLv6jwUJ,0.0,0.0842,9,-19.397,1,0.0,0.755,0.889,0.262,0.0,0.0,432533,"['classical', 'czech classical', 'late romantic era']",60,587119,https://open.spotify.com/playlist/37i9dQZF1DWWEJlAGA9gs0?si=ac84fa50f7d14eb8
classical_essentials,"Delius: 2 Pieces for Small Orchestra: No. 1, On Hearing the First Cuckoo in Spring",Frederick Delius,spotify:track:2dEbRirkEtImY7HdYxrgRS,0.0716,0.0408,7,-28.284,1,0.0399,0.851,0.901,0.0844,0.0377,77.047,349760,"['classical', 'early modern classical', 'impressionism', 'post-romantic era']",47,25439,https://open.spotify.com/playlist/37i9dQZF1DWWEJlAGA9gs0?si=ac84fa50f7d14eb8
classical_essentials,"Symphony No. 6 in F Major, Op. 68 ""Pastoral"": I. Awakening of Cheerful Feelings Upon Arrival in the Country: Allegro ma non troppo",Ludwig van Beethoven,spotify:track:408VC5UfnAh3Uhl0RQpbkA,0.302,0.0355,0,-24.074,1,0.0363,0.932,0.304,0.043,0.186,115.104,716933,"['classical', 'classical era', 'early romantic era', 'german romanticism']",69,5128929,https://open.spotify.com/playlist/37i9dQZF1DWWEJlAGA9gs0?si=ac84fa50f7d14eb8
classical_essentials,"Nocturne No. 2 in E-Flat Major, Op. 9 No. 2",Frédéric Chopin,spotify:track:2TB6PQkgnw9rrFRK4VOOrC,0.411,0.0487,10,-25.68,1,0.0383,0.985,0.918,0.0944,0.101,128.859,248933,"['classical', 'early romantic era', 'polish classical']",71,3176984,https://open.spotify.com/playlist/37i9dQZF1DWWEJlAGA9gs0?si=ac84fa50f7d14eb8
classical_essentials,"Violin Concerto in E Minor, Op. 64, MWV O 14: 1. Allegro molto appassionato",Felix Mendelssohn,spotify:track:4Ivo07fh9EyPtPinrxXlC4,0.287,0.145,4,-19.665,0,0.0406,0.919,0.144,0.0987,0.167,101.679,727787,"['classical', 'early romantic era', 'german romanticism']",59,506780,https://open.spotify.com/playlist/37i9dQZF1DWWEJlAGA9gs0?si=ac84fa50f7d14eb8
classical_essentials,"Mozart: Clarinet Concerto in A Major, K. 622: II. Adagio",Wolfgang Amadeus Mozart,spotify:track:63cA2QfqtWZa0GGPZnYc0K,0.0999,0.0241,2,-25.651,1,0.0432,0.98,0.766,0.0623,0.0396,89.001,532040,"['classical', 'classical era']",72,5249434,https://open.spotify.com/playlist/37i9dQZF1DWWEJlAGA9gs0?si=ac84fa50f7d14eb8
classical_essentials,"Respighi: Pini di Roma, P. 141: III. I pini del Gianicolo",Ottorino Respighi,spotify:track:5CfxpBCYwfB17MMgARumHl,0.0754,0.0102,4,-35.69,1,0.0464,0.901,0.106,0.0817,0.0331,81.324,462162,"['classical', 'early modern classical', 'impressionism', 'italian romanticism', 'neoclassicism', 'post-romantic era']",50,47484,https://open.spotify.com/playlist/37i9dQZF1DWWEJlAGA9gs0?si=ac84fa50f7d14eb8
classical_essentials,"The Nutcracker, Op. 71, TH.14 / Act 2: No. 12b Coffee (Arabian Dance)",Pyotr Ilyich Tchaikovsky,spotify:track:0AyNC0zlef2QbJ01Xfq8Wf,0.156,0.00709,7,-34.153,0,0.0382,0.941,0.799,0.0986,0.041,97.925,191160,"['classical', 'classical drill', 'late romantic era', 'russian romanticism']",67,1234086,https://open.spotify.com/playlist/37i9dQZF1DWWEJlAGA9gs0?si=ac84fa50f7d14eb8
classical_essentials,"Violin Concerto No. 1 in G minor, Op. 26: 1. Vorspiel (Allegro moderato)",Max Bruch,spotify:track:2kWBaubfvDNKmrHjWMhllH,0.169,0.0974,3,-21.414,1,0.042,0.864,0.632,0.087,0.0524,170.379,473893,"['classical', 'german romanticism', 'late romantic era']",41,57092,https://open.spotify.com/playlist/37i9dQZF1DWWEJlAGA9gs0?si=ac84fa50f7d14eb8
classical_essentials,Orfeo Ed Euridice: Dance of the Blessed Spirits (Act II),Christoph Willibald Gluck,spotify:track:6JoMhlsYqtzwBCVZaEdO6j,0.201,0.0659,5,-27.143,1,0.0521,0.972,0.931,0.0551,0.089,91.363,409000,"['classical', 'classical era', 'early modern classical', 'early music', 'galante era']",51,35525,https://open.spotify.com/playlist/37i9dQZF1DWWEJlAGA9gs0?si=ac84fa50f7d14eb8
classical_essentials,Rhapsody in Blue,George Gershwin,spotify:track:0g7AZiNDzDuEYOwV27qoXb,0.309,0.258,9,-15.327,1,0.0459,0.976,0.69,0.0924,0.115,74.568,890000,"['american modern classical', 'classical', 'early modern classical', 'tin pan alley']",46,310194,https://open.spotify.com/playlist/37i9dQZF1DWWEJlAGA9gs0?si=ac84fa50f7d14eb8
classical_essentials,"Mephisto Waltz No. 1, S. 514",Franz Liszt,spotify:track:1dFVnX4mJTnWubAPE8S3OR,0.356,0.152,4,-20.155,1,0.0406,0.981,0.903,0.0807,0.04,132.413,662600,"['classical', 'late romantic era']",59,772164,https://open.spotify.com/playlist/37i9dQZF1DWWEJlAGA9gs0?si=ac84fa50f7d14eb8
classical_essentials,"Comptine d'un autre été, l'après-midi",Yann Tiersen,spotify:track:14rZjW3RioG7WesZhYESso,0.483,0.192,4,-15.378,0,0.0469,0.991,0.908,0.106,0.0542,100.848,140733,"['compositional ambient', 'french soundtrack']",62,1010103,https://open.spotify.com/playlist/37i9dQZF1DWWEJlAGA9gs0?si=ac84fa50f7d14eb8
metal_essentials,Master of Puppets (Remastered),Metallica,spotify:track:54bm2e3tk8cliUz3VSdCPZ,0.539,0.828,4,-9.108,0,0.035,0.00067,0.421,0.154,0.562,105.25,515387,"['hard rock', 'metal', 'old school thrash', 'rock', 'thrash metal']",79,26343827,https://open.spotify.com/playlist/37i9dQZF1DWWOaP4H0w5b0?si=2a13554e54eb496d
metal_essentials,The Trooper (2015 Remaster),Iron Maiden,spotify:track:2C3B3dva983HPMojFqWLOp,0.286,0.907,4,-4.601,0,0.0702,0.0326,0.00837,0.311,0.662,159.756,252733,"['alternative metal', 'hard rock', 'metal', 'nwobhm', 'rock']",70,8678968,https://open.spotify.com/playlist/37i9dQZF1DWWOaP4H0w5b0?si=2a13554e54eb496d
metal_essentials,Symphony Of Destruction,Megadeth,spotify:track:51TG9W3y9qyO8BY5RXKgnZ,0.61,0.891,4,-5.452,0,0.0587,0.000805,0.0928,0.0657,0.51,139.903,246733,"['alternative metal', 'hard rock', 'melodic thrash', 'metal', 'old school thrash', 'rock', 'speed metal', 'thrash metal']",67,5030815,https://open.spotify.com/playlist/37i9dQZF1DWWOaP4H0w5b0?si=2a13554e54eb496d
metal_essentials,Paranoid - 2012 - Remaster,Black Sabbath,spotify:track:1Y373MqadDRtclJNdnUXVc,0.412,0.658,4,-12.051,0,0.0708,4.52e-05,0.000774,0.176,0.454,163.071,168406,"['album rock', 'alternative metal', 'birmingham metal', 'classic rock', 'hard rock', 'metal', 'rock', 'stoner rock', 'uk doom metal']",70,7366550,https://open.spotify.com/playlist/37i9dQZF1DWWOaP4H0w5b0?si=2a13554e54eb496d
metal_essentials,Walk,Pantera,spotify:track:7fcfNW0XxTWlwVlftzfDOR,0.43,0.704,1,-8.008,0,0.0804,0.000155,0.00221,0.0933,0.703,118.242,315120,"['alternative metal', 'groove metal', 'hard rock', 'metal', 'nu metal', 'old school thrash', 'rock', 'texas metal']",66,4709008,https://open.spotify.com/playlist/37i9dQZF1DWWOaP4H0w5b0?si=2a13554e54eb496d
metal_essentials,Raining Blood,Slayer,spotify:track:01Mpj13vURSO3cCLprPt5T,0.294,0.995,1,-4.383,0,0.168,0.000489,0.331,0.128,0.0379,88.777,254400,"['alternative metal', 'death metal', 'groove metal', 'hard rock', 'metal', 'old school thrash', 'rock', 'speed metal', 'thrash metal']",64,3717516,https://open.spotify.com/playlist/37i9dQZF1DWWOaP4H0w5b0?si=2a13554e54eb496d
metal_essentials,Kickstart My Heart,Mötley Crüe,spotify:track:65HA9FsYyA2xro9RzNlNmy,0.363,0.982,7,-3.621,0,0.3,0.00123,0.00218,0.284,0.275,179.23,282653,"['album rock', 'alternative metal', 'glam metal', 'hard rock', 'metal', 'rock', 'sleaze rock']",68,4911885,https://open.spotify.com/playlist/37i9dQZF1DWWOaP4H0w5b0?si=2a13554e54eb496d
metal_essentials,Chop Suey!,System Of A Down,spotify:track:2DlHlPMa4M17kufBvI2lEN,0.417,0.934,7,-3.908,0,0.119,0.000278,0.0015,0.132,0.287,127.066,210240,"['alternative metal', 'nu metal', 'rap metal', 'rock']",77,9846779,https://open.spotify.com/playlist/37i9dQZF1DWWOaP4H0w5b0?si=2a13554e54eb496d
metal_essentials,Down with the Sickness,Disturbed,spotify:track:4ImIJRZNJhNQLLdUFSYJoS,0.649,0.896,10,-2.704,0,0.056,0.000319,1.19e-05,0.102,0.924,90.009,278707,"['alternative metal', 'nu metal', 'rap metal', 'rock']",71,6342142,https://open.spotify.com/playlist/37i9dQZF1DWWOaP4H0w5b0?si=2a13554e54eb496d
metal_essentials,Ace of Spades,Motörhead,spotify:track:3CIOopLwvyMvXk97ZEksKO,0.322,0.991,6,-4.453,1,0.213,0.00313,0.0035,0.0708,0.198,140.221,168320,"['alternative metal', 'hard rock', 'metal', 'rock', 'speed metal']",62,3849472,https://open.spotify.com/playlist/37i9dQZF1DWWOaP4H0w5b0?si=2a13554e54eb496d
metal_essentials,Blind,Korn,spotify:track:1pr9TZGOXeJUggIal1Wq3R,0.283,0.891,2,-8.165,1,0.178,0.00678,0.0038,0.159,0.226,92.049,258267,"['alternative metal', 'funk metal', 'hard rock', 'nu metal', 'post-grunge', 'rap metal', 'rock']",73,6839951,https://open.spotify.com/playlist/37i9dQZF1DWWOaP4H0w5b0?si=2a13554e54eb496d
metal_essentials,One (Remastered),Metallica,spotify:track:0LAcM6I7ijW4VVW0aytl1t,0.438,0.687,7,-9.15,1,0.0619,0.000668,0.0801,0.42,0.426,103.01,446146,"['hard rock', 'metal', 'old school thrash', 'rock', 'thrash metal']",79,26343827,https://open.spotify.com/playlist/37i9dQZF1DWWOaP4H0w5b0?si=2a13554e54eb496d
metal_essentials,Iron Man - 2012 - Remaster,Black Sabbath,spotify:track:3IOQZRcEkplCXg6LofKqE9,0.336,0.792,9,-10.875,1,0.084,0.00351,0.00175,0.0437,0.427,155.587,355304,"['album rock', 'alternative metal', 'birmingham metal', 'classic rock', 'hard rock', 'metal', 'rock', 'stoner rock', 'uk doom metal']",70,7366550,https://open.spotify.com/playlist/37i9dQZF1DWWOaP4H0w5b0?si=2a13554e54eb496d
metal_essentials,Mother,Danzig,spotify:track:7txxAtOMwLLnQTpKeBL6bp,0.365,0.763,11,-9.45,0,0.0591,0.00726,0.000457,0.0865,0.342,148.366,204867,"['alternative metal', 'groove metal', 'hard rock', 'metal', 'nu metal', 'punk']",56,888049,https://open.spotify.com/playlist/37i9dQZF1DWWOaP4H0w5b0?si=2a13554e54eb496d
metal_essentials,Cowboys from Hell,Pantera,spotify:track:2SgbR6ttzoNlCRGQOKjrop,0.415,0.908,2,-9.701,1,0.0765,0.00437,0.0345,0.082,0.437,114.816,243533,"['alternative metal', 'groove metal', 'hard rock', 'metal', 'nu metal', 'old school thrash', 'rock', 'texas metal']",66,4709008,https://open.spotify.com/playlist/37i9dQZF1DWWOaP4H0w5b0?si=2a13554e54eb496d
metal_essentials,Duality,Slipknot,spotify:track:61mWefnWQOLf90gepjOCb3,0.354,0.982,4,-3.026,0,0.168,0.000237,0.000294,0.204,0.194,143.772,252613,"['alternative metal', 'nu metal', 'rap metal', 'rock']",75,10346657,https://open.spotify.com/playlist/37i9dQZF1DWWOaP4H0w5b0?si=2a13554e54eb496d
metal_essentials,Hellraiser - 30th Anniversary Edition,Ozzy Osbourne,spotify:track:7iD5t0YgWvIIrvZtw6IIxQ,0.624,0.934,4,-3.229,1,0.0436,0.00232,2.67e-05,0.106,0.411,96.038,295881,"['album rock', 'alternative metal', 'birmingham metal', 'classic rock', 'glam metal', 'hard rock', 'metal', 'rock']",69,5114699,https://open.spotify.com/playlist/37i9dQZF1DWWOaP4H0w5b0?si=2a13554e54eb496d
metal_essentials,Breaking the Law,Judas Priest,spotify:track:2RaA6kIcvomt77qlIgGhCT,0.362,0.961,2,-5.664,1,0.0857,0.024,9.35e-06,0.159,0.491,164.019,153840,"['album rock', 'alternative metal', 'birmingham metal', 'glam metal', 'hard rock', 'metal', 'rock']",64,3884267,https://open.spotify.com/playlist/37i9dQZF1DWWOaP4H0w5b0?si=2a13554e54eb496d
metal_essentials,Enter Sandman (Remastered),Metallica,spotify:track:3VqHuw0wFlIHcIPWkhIbdQ,0.566,0.834,6,-8.412,0,0.0298,0.00277,0.008,0.0625,0.621,123.296,331560,"['hard rock', 'metal', 'old school thrash', 'rock', 'thrash metal']",79,26343827,https://open.spotify.com/playlist/37i9dQZF1DWWOaP4H0w5b0?si=2a13554e54eb496d
metal_essentials,Hail to the King,Avenged Sevenfold,spotify:track:5anCkDvJ17aznvK5TED5uo,0.58,0.916,3,-4.358,0,0.0387,0.000297,0.0259,0.126,0.683,118.004,305907,['alternative metal'],73,6674815,https://open.spotify.com/playlist/37i9dQZF1DWWOaP4H0w5b0?si=2a13554e54eb496d
metal_essentials,Run to the Hills (2015 Remaster),Iron Maiden,spotify:track:5b1jZ9geGD4boxz24XgGPp,0.249,0.943,0,-5.188,1,0.0665,0.0286,0.00404,0.161,0.457,173.672,233507,"['alternative metal', 'hard rock', 'metal', 'nwobhm', 'rock']",70,8678968,https://open.spotify.com/playlist/37i9dQZF1DWWOaP4H0w5b0?si=2a13554e54eb496d
metal_essentials,Crazy Train,Ozzy Osbourne,spotify:track:7ACxUo21jtTHzy7ZEV56vU,0.454,0.913,9,-4.008,1,0.107,0.408,0.000271,0.248,0.521,137.688,293183,"['album rock', 'alternative metal', 'birmingham metal', 'classic rock', 'glam metal', 'hard rock', 'metal', 'rock']",69,5114699,https://open.spotify.com/playlist/37i9dQZF1DWWOaP4H0w5b0?si=2a13554e54eb496d
metal_essentials,Holy Wars...The Punishment Due - 2004 Remix,Megadeth,spotify:track:5LyRtsQLhcXmy50VXhQXXS,0.325,0.985,11,-3.941,1,0.151,0.00177,0.107,0.351,0.221,125.307,392600,"['alternative metal', 'hard rock', 'melodic thrash', 'metal', 'old school thrash', 'rock', 'speed metal', 'thrash metal']",67,5030815,https://open.spotify.com/playlist/37i9dQZF1DWWOaP4H0w5b0?si=2a13554e54eb496d
metal_essentials,Du hast,Rammstein,spotify:track:6XcoiOYiNbIxzpt8WRxq8Z,0.638,0.891,9,-6.901,0,0.0422,0.00224,0.11,0.325,0.735,125.115,235601,"['german metal', 'industrial', 'industrial metal', 'industrial rock', 'neue deutsche harte']",76,8910012,https://open.spotify.com/playlist/37i9dQZF1DWWOaP4H0w5b0?si=2a13554e54eb496d
metal_essentials,Freak On a Leash,Korn,spotify:track:6W21LNLz9Sw7sUSNWMSHRu,0.353,0.898,2,-5.877,1,0.052,2.23e-05,0.105,0.39,0.525,103.293,255733,"['alternative metal', 'funk metal', 'hard rock', 'nu metal', 'post-grunge', 'rap metal', 'rock']",73,6839951,https://open.spotify.com/playlist/37i9dQZF1DWWOaP4H0w5b0?si=2a13554e54eb496d
metal_essentials,Roots Bloody Roots,Sepultura,spotify:track:6ursmCnbc9oDRGa2yHKkoZ,0.428,0.874,4,-6.664,0,0.128,0.000337,0.0419,0.311,0.261,119.708,212253,"['alternative metal', 'brazilian groove metal', 'brazilian metal', 'brazilian thrash metal', 'death metal', 'deathrash', 'groove metal', 'hard rock', 'latin metal', 'metal', 'metal mineiro', 'nu metal', 'old school thrash', 'speed metal', 'thrash metal']",57,1793125,https://open.spotify.com/playlist/37i9dQZF1DWWOaP4H0w5b0?si=2a13554e54eb496d
metal_essentials,Painkiller,Judas Priest,spotify:track:0L7zm6afBEtrNKo6C6Gj08,0.435,0.987,1,-4.667,0,0.16,0.000195,0.0847,0.268,0.101,103.16,365827,"['album rock', 'alternative metal', 'birmingham metal', 'glam metal', 'hard rock', 'metal', 'rock']",64,3884267,https://open.spotify.com/playlist/37i9dQZF1DWWOaP4H0w5b0?si=2a13554e54eb496d
metal_essentials,Holy Diver,Dio,spotify:track:57fqmDaokbxZ3TaB0jp39q,0.476,0.901,8,-6.751,1,0.0975,0.0642,0.158,0.0557,0.109,91.955,353787,"['album rock', 'alternative metal', 'glam metal', 'hard rock', 'metal', 'rock']",59,2490124,https://open.spotify.com/playlist/37i9dQZF1DWWOaP4H0w5b0?si=2a13554e54eb496d
metal_essentials,Dragula,Rob Zombie,spotify:track:6Nm8h73ycDG2saCnZV8poF,0.591,0.963,0,-6.489,0,0.0531,8.74e-05,0.000107,0.0781,0.609,125.03,222827,"['alternative metal', 'hard rock', 'industrial metal', 'industrial rock', 'nu metal', 'post-grunge', 'rock']",65,2738074,https://open.spotify.com/playlist/37i9dQZF1DWWOaP4H0w5b0?si=2a13554e54eb496d
metal_essentials,The Number of the Beast (2015 Remaster),Iron Maiden,spotify:track:0EG9tDhr5rd931Ebj213nO,0.409,0.887,2,-6.839,0,0.0578,0.0876,0.106,0.0935,0.289,100.494,290587,"['alternative metal', 'hard rock', 'metal', 'nwobhm', 'rock']",70,8678968,https://open.spotify.com/playlist/37i9dQZF1DWWOaP4H0w5b0?si=2a13554e54eb496d
metal_essentials,Pull Me Under,Dream Theater,spotify:track:5CPXR6lDTvngxtmMZxnWmC,0.532,0.941,9,-9.025,1,0.0465,0.000579,0.0527,0.15,0.278,102.198,493933,"['hard rock', 'metal', 'progressive metal']",58,1524493,https://open.spotify.com/playlist/37i9dQZF1DWWOaP4H0w5b0?si=2a13554e54eb496d
metal_essentials,I Want Out,Helloween,spotify:track:5ObemyuL5dhT67hyz1iWlA,0.477,0.859,0,-8.625,1,0.0387,0.000333,0.000155,0.265,0.629,91.009,280213,"['german metal', 'german power metal', 'hard rock', 'metal', 'old school thrash', 'power metal', 'speed metal', 'symphonic metal', 'thrash metal']",55,1174912,https://open.spotify.com/playlist/37i9dQZF1DWWOaP4H0w5b0?si=2a13554e54eb496d
metal_essentials,You've Got Another Thing Coming,Judas Priest,spotify:track:4f3RDq9nYPBeR1yMSgnmBm,0.519,0.833,6,-6.947,0,0.0496,0.00572,4.33e-06,0.104,0.532,138.225,310080,"['album rock', 'alternative metal', 'birmingham metal', 'glam metal', 'hard rock', 'metal', 'rock']",64,3884267,https://open.spotify.com/playlist/37i9dQZF1DWWOaP4H0w5b0?si=2a13554e54eb496d
metal_essentials,Heaven and Hell - 2008 Remaster,Black Sabbath,spotify:track:3Jl5GohfNwozDmpzmQBLDI,0.329,0.673,3,-8.465,0,0.0296,0.0239,0.109,0.138,0.323,91.122,419933,"['album rock', 'alternative metal', 'birmingham metal', 'classic rock', 'hard rock', 'metal', 'rock', 'stoner rock', 'uk doom metal']",70,7366550,https://open.spotify.com/playlist/37i9dQZF1DWWOaP4H0w5b0?si=2a13554e54eb496d
metal_essentials,Seek & Destroy (Remastered),Metallica,spotify:track:5DrNFzZZZVfXaEZCaceKnp,0.439,0.963,9,-5.508,1,0.277,0.0364,0.00896,0.0784,0.435,140.805,414720,"['hard rock', 'metal', 'old school thrash', 'rock', 'thrash metal']",79,26343827,https://open.spotify.com/playlist/37i9dQZF1DWWOaP4H0w5b0?si=2a13554e54eb496d
metal_essentials,Rainbow in the Dark,Dio,spotify:track:2PpNgmrS9mAyrkRAwn6YPq,0.512,0.947,9,-5.659,0,0.0401,0.000692,0.114,0.0283,0.612,117.461,256933,"['album rock', 'alternative metal', 'glam metal', 'hard rock', 'metal', 'rock']",59,2490124,https://open.spotify.com/playlist/37i9dQZF1DWWOaP4H0w5b0?si=2a13554e54eb496d
metal_essentials,Highway Star,Deep Purple,spotify:track:4gVTozEmzwAUXpwj3jEetX,0.298,0.895,9,-7.647,0,0.0547,0.0283,0.00574,0.305,0.544,173.737,368507,"['album rock', 'classic rock', 'hard rock', 'metal', 'rock']",63,5274236,https://open.spotify.com/playlist/37i9dQZF1DWWOaP4H0w5b0?si=2a13554e54eb496d
metal_essentials,South Of Heaven,Slayer,spotify:track:3U9gogDStAfWxSm91PJuxb,0.31,0.991,5,-3.769,0,0.316,0.000132,0.085,0.0969,0.0395,140.071,298533,"['alternative metal', 'death metal', 'groove metal', 'hard rock', 'metal', 'old school thrash', 'rock', 'speed metal', 'thrash metal']",64,3717516,https://open.spotify.com/playlist/37i9dQZF1DWWOaP4H0w5b0?si=2a13554e54eb496d
metal_essentials,For Whom The Bell Tolls (Remastered),Metallica,spotify:track:51YZAJhOwIC5Gg3jMbAmhZ,0.512,0.86,0,-6.145,1,0.0703,0.00631,0.00528,0.0652,0.258,117.909,309973,"['hard rock', 'metal', 'old school thrash', 'rock', 'thrash metal']",79,26343827,https://open.spotify.com/playlist/37i9dQZF1DWWOaP4H0w5b0?si=2a13554e54eb496d
metal_essentials,Nightmare,Avenged Sevenfold,spotify:track:4UEo1b0wWrtHMC8bVqPiH8,0.554,0.949,2,-4.928,1,0.0787,0.000318,9.98e-05,0.2,0.233,129.984,374453,['alternative metal'],73,6674815,https://open.spotify.com/playlist/37i9dQZF1DWWOaP4H0w5b0?si=2a13554e54eb496d
metal_essentials,Tears Don't Fall,Bullet For My Valentine,spotify:track:1kdiiFGX1Htx0aVZYaDwEJ,0.213,0.927,7,-3.378,0,0.14,0.000729,4.85e-06,0.081,0.28,162.109,348387,"['alternative metal', 'melodic metalcore', 'nu metal', 'post-grunge', 'uk metalcore', 'welsh metal']",64,2882022,https://open.spotify.com/playlist/37i9dQZF1DWWOaP4H0w5b0?si=2a13554e54eb496d
metal_essentials,Wait and Bleed,Slipknot,spotify:track:2gscB6kDOmrv1P6qs2KXE3,0.382,0.996,7,-4.119,1,0.104,0.00208,0.0,0.417,0.327,93.345,147840,"['alternative metal', 'nu metal', 'rap metal', 'rock']",75,10346657,https://open.spotify.com/playlist/37i9dQZF1DWWOaP4H0w5b0?si=2a13554e54eb496d
metal_essentials,Thunder Kiss '65,White Zombie,spotify:track:4tvBoSWeIW0bjhKNre5mod,0.684,0.851,9,-9.792,1,0.0407,0.000613,0.0029,0.535,0.512,112.662,234080,"['alternative metal', 'hard rock', 'industrial metal', 'nu metal', 'post-grunge', 'rap metal', 'rock']",53,1170177,https://open.spotify.com/playlist/37i9dQZF1DWWOaP4H0w5b0?si=2a13554e54eb496d
metal_essentials,Angel Of Death,Slayer,spotify:track:61dTqhd46yMkSWmC5LAh5F,0.332,0.994,1,-4.336,1,0.137,0.000119,0.322,0.142,0.0829,106.086,291440,"['alternative metal', 'death metal', 'groove metal', 'hard rock', 'metal', 'old school thrash', 'rock', 'speed metal', 'thrash metal']",64,3717516,https://open.spotify.com/playlist/37i9dQZF1DWWOaP4H0w5b0?si=2a13554e54eb496d
metal_essentials,Shout at the Devil,Mötley Crüe,spotify:track:4VFNyv0nVew5C878WDsPvE,0.5,0.946,5,-5.428,1,0.072,0.0221,4.21e-05,0.068,0.449,94.542,194987,"['album rock', 'alternative metal', 'glam metal', 'hard rock', 'metal', 'rock', 'sleaze rock']",68,4911885,https://open.spotify.com/playlist/37i9dQZF1DWWOaP4H0w5b0?si=2a13554e54eb496d
metal_essentials,Madhouse,Anthrax,spotify:track:76BYv24CcZt2u94JRjmATX,0.329,0.885,9,-10.661,1,0.0904,0.0242,0.00433,0.735,0.481,163.538,259760,"['alternative metal', 'glam metal', 'groove metal', 'hard rock', 'metal', 'nu metal', 'old school thrash', 'rap metal', 'rock', 'speed metal', 'thrash metal']",53,1592900,https://open.spotify.com/playlist/37i9dQZF1DWWOaP4H0w5b0?si=2a13554e54eb496d
metal_essentials,Slave to the Grind,Skid Row,spotify:track:49IA4BhFCOWZQ7A7wxfa4e,0.487,0.976,7,-7.567,1,0.105,6.8e-06,0.352,0.242,0.305,133.176,208667,"['album rock', 'glam metal', 'hard rock', 'metal', 'rock']",59,2747135,https://open.spotify.com/playlist/37i9dQZF1DWWOaP4H0w5b0?si=2a13554e54eb496d
metal_essentials,War Eternal,Arch Enemy,spotify:track:0WZZENH0kt3O2cBE8q5IRq,0.445,0.98,5,-4.369,0,0.0731,2.45e-05,0.163,0.129,0.285,155.045,256053,"['alternative metal', 'death metal', 'melodic death metal', 'metal', 'power metal', 'speed metal', 'swedish death metal', 'swedish melodeath', 'swedish metal', 'symphonic metal']",54,957218,https://open.spotify.com/playlist/37i9dQZF1DWWOaP4H0w5b0?si=2a13554e54eb496d
metal_essentials,2 Minutes to Midnight (2015 Remaster),Iron Maiden,spotify:track:0mgwfP6fcg3t0PPVoKXrF8,0.447,0.97,9,-5.004,0,0.0508,0.00753,0.000291,0.199,0.588,94.254,363587,"['alternative metal', 'hard rock', 'metal', 'nwobhm', 'rock']",70,8678968,https://open.spotify.com/playlist/37i9dQZF1DWWOaP4H0w5b0?si=2a13554e54eb496d
metal_essentials,Balls to the Wall,Accept,spotify:track:2dbOYFfS7r7NAzquRvji9A,0.544,0.739,9,-7.383,1,0.0517,0.00392,0.000143,0.168,0.328,118.287,342600,"['german heavy metal', 'german metal', 'glam metal', 'hard rock', 'metal', 'power metal', 'speed metal', 'thrash metal']",53,896559,https://open.spotify.com/playlist/37i9dQZF1DWWOaP4H0w5b0?si=2a13554e54eb496d
metal_essentials,Raise Your Horns,Amon Amarth,spotify:track:6ypKaenmVXMCXvlkfYOpjf,0.458,0.873,5,-5.336,1,0.0439,6.05e-05,0.737,0.0664,0.551,164.984,263760,"['groove metal', 'melodic death metal', 'metal', 'power metal', 'speed metal', 'swedish death metal', 'swedish melodeath', 'swedish metal', 'tolkien metal', 'viking metal']",57,1072331,https://open.spotify.com/playlist/37i9dQZF1DWWOaP4H0w5b0?si=2a13554e54eb496d
metal_essentials,"Snap Your Fingers, Snap Your Neck",Prong,spotify:track:7hgtn706RqLE5q1mWe8aQx,0.668,0.788,5,-6.752,1,0.0424,7.48e-05,0.108,0.0792,0.692,137.38,251533,"['alternative metal', 'groove metal', 'industrial metal', 'nu metal', 'old school thrash', 'southern metal']",41,163738,https://open.spotify.com/playlist/37i9dQZF1DWWOaP4H0w5b0?si=2a13554e54eb496d
metal_essentials,Only for the Weak,In Flames,spotify:track:0JBQnLKfLXmlkquabLtAgd,0.418,0.835,0,-4.824,0,0.0449,2.33e-06,0.766,0.289,0.549,104.986,294867,"['alternative metal', 'gothenburg metal', 'melodic death metal', 'melodic metalcore', 'metal', 'swedish alternative rock', 'swedish death metal', 'swedish melodeath', 'swedish metal']",61,1127923,https://open.spotify.com/playlist/37i9dQZF1DWWOaP4H0w5b0?si=2a13554e54eb496d
metal_essentials,Stranded,Gojira,spotify:track:60fUDmIWuKhngaeBIVhqIV,0.513,0.88,7,-4.69,0,0.0309,9.59e-05,0.00614,0.0824,0.495,92.358,269533,"['alternative metal', 'french death metal', 'french metal', 'groove metal', 'metal', 'nu metal', 'progressive groove metal']",61,1239549,https://open.spotify.com/playlist/37i9dQZF1DWWOaP4H0w5b0?si=2a13554e54eb496d
metal_essentials,My Own Summer (Shove It),Deftones,spotify:track:1158ckiB5S4cpsdYHDB9IF,0.443,0.781,1,-4.277,1,0.0377,1.33e-05,0.205,0.166,0.372,71.841,214760,"['alternative metal', 'nu metal', 'rap metal', 'rock', 'sacramento indie']",75,4610681,https://open.spotify.com/playlist/37i9dQZF1DWWOaP4H0w5b0?si=2a13554e54eb496d
metal_essentials,Laid to Rest,Lamb of God,spotify:track:1yc53HK08sDab7PDFgnLWk,0.366,0.956,10,-3.725,0,0.108,0.000293,0.00447,0.449,0.159,104.016,230127,"['alternative metal', 'groove metal', 'melodic metalcore', 'metal', 'nu metal', 'virginia metal']",61,1932023,https://open.spotify.com/playlist/37i9dQZF1DWWOaP4H0w5b0?si=2a13554e54eb496d
metal_essentials,Return to Serenity,Testament,spotify:track:5awljpWNO5TpXCyjpvCBbs,0.294,0.613,1,-10.527,1,0.0384,0.235,0.000494,0.139,0.228,112.385,390800,"['alternative metal', 'groove metal', 'hard rock', 'metal', 'old school thrash', 'thrash metal']",56,1027706,https://open.spotify.com/playlist/37i9dQZF1DWWOaP4H0w5b0?si=2a13554e54eb496d
metal_essentials,Davidian,Machine Head,spotify:track:3qHlBxD3acw5nrl7Padt0v,0.278,0.937,7,-6.952,1,0.168,0.000535,0.118,0.227,0.29,154.244,296627,"['alternative metal', 'groove metal', 'hard rock', 'industrial metal', 'melodic groove metal', 'metal', 'nu metal', 'progressive groove metal']",55,1270314,https://open.spotify.com/playlist/37i9dQZF1DWWOaP4H0w5b0?si=2a13554e54eb496d
metal_essentials,Arise,Sepultura,spotify:track:1erRDf98WX0VllciGPYO1H,0.372,0.961,9,-6.765,0,0.0931,1.52e-05,0.0548,0.0916,0.159,115.336,198227,"['alternative metal', 'brazilian groove metal', 'brazilian metal', 'brazilian thrash metal', 'death metal', 'deathrash', 'groove metal', 'hard rock', 'latin metal', 'metal', 'metal mineiro', 'nu metal', 'old school thrash', 'speed metal', 'thrash metal']",57,1793125,https://open.spotify.com/playlist/37i9dQZF1DWWOaP4H0w5b0?si=2a13554e54eb496d
metal_essentials,Under and Over It,Five Finger Death Punch,spotify:track:0xKFHPdmWipLYPG3zlPpr4,0.473,0.996,11,-3.027,0,0.173,1.41e-05,0.0,0.26,0.0952,76.006,218133,"['alternative metal', 'groove metal', 'nu metal']",71,6259278,https://open.spotify.com/playlist/37i9dQZF1DWWOaP4H0w5b0?si=2a13554e54eb496d
metal_essentials,Got The Time,Anthrax,spotify:track:3cFnb3Rg9a7Gzqxc5QQ9YZ,0.371,0.973,10,-5.303,0,0.135,0.000641,0.00163,0.0423,0.444,127.721,164333,"['alternative metal', 'glam metal', 'groove metal', 'hard rock', 'metal', 'nu metal', 'old school thrash', 'rap metal', 'rock', 'speed metal', 'thrash metal']",53,1592900,https://open.spotify.com/playlist/37i9dQZF1DWWOaP4H0w5b0?si=2a13554e54eb496d
metal_essentials,Hunting High and Low,Stratovarius,spotify:track:3zfPEepH4NjKnHGO9i40cb,0.505,0.978,6,-3.166,0,0.11,0.000163,0.268,0.346,0.389,93.793,248867,"['finnish power metal', 'metal', 'neo classical metal', 'power metal', 'progressive metal', 'speed metal', 'symphonic metal']",51,623034,https://open.spotify.com/playlist/37i9dQZF1DWWOaP4H0w5b0?si=2a13554e54eb496d
metal_essentials,Let It Go,Def Leppard,spotify:track:1aR6W01r094onPc4O2avEp,0.409,0.915,2,-7.205,1,0.0667,0.00444,0.0022,0.342,0.409,138.143,283186,"['album rock', 'classic rock', 'glam metal', 'hard rock', 'nwobhm', 'rock']",66,4681136,https://open.spotify.com/playlist/37i9dQZF1DWWOaP4H0w5b0?si=2a13554e54eb496d
metal_essentials,I Wanna Rock,Twisted Sister,spotify:track:70Z9t1qhytWtG4cCmmi7mU,0.504,0.911,2,-2.97,1,0.0738,0.00512,0.0123,0.355,0.671,106.244,179760,"['album rock', 'glam metal', 'hard rock', 'metal', 'rock']",58,2535743,https://open.spotify.com/playlist/37i9dQZF1DWWOaP4H0w5b0?si=2a13554e54eb496d
metal_essentials,Cum on Feel the Noize,Quiet Riot,spotify:track:3vV3cr2TpPqFk07zxYUbla,0.409,0.92,11,-5.439,0,0.12,0.00719,0.00105,0.0823,0.37,145.085,290960,"['album rock', 'classic rock', 'glam metal', 'hard rock', 'metal', 'rock']",54,1750431,https://open.spotify.com/playlist/37i9dQZF1DWWOaP4H0w5b0?si=2a13554e54eb496d
metal_essentials,My Curse,Killswitch Engage,spotify:track:6zKF4293k44ItKWJJgrhXv,0.197,0.956,10,-2.908,0,0.0663,7.61e-05,0.00992,0.261,0.209,177.018,244773,"['alternative metal', 'boston metal', 'melodic metalcore', 'metalcore', 'nu metal', 'post-grunge']",60,1811980,https://open.spotify.com/playlist/37i9dQZF1DWWOaP4H0w5b0?si=2a13554e54eb496d
metal_essentials,Schism,TOOL,spotify:track:55mJleti2WfWEFNFcBduhc,0.567,0.714,9,-8.512,0,0.0302,0.0012,0.417,0.186,0.191,107.441,403533,"['alternative metal', 'art rock', 'nu metal', 'post-grunge', 'progressive metal', 'progressive rock', 'rock']",68,3384366,https://open.spotify.com/playlist/37i9dQZF1DWWOaP4H0w5b0?si=2a13554e54eb496d
metal_essentials,Kings of Metal,Manowar,spotify:track:28TcG73tbc4iGrGBFjiBnR,0.575,0.881,9,-13.012,1,0.0357,0.000117,2.69e-05,0.147,0.699,132.127,223867,"['comic metal', 'hard rock', 'metal', 'power metal', 'speed metal', 'us power metal']",54,955031,https://open.spotify.com/playlist/37i9dQZF1DWWOaP4H0w5b0?si=2a13554e54eb496d
metal_essentials,Are You Dead Yet?,Children Of Bodom,spotify:track:52s05aBQd2LVc6EWIQCQI1,0.466,0.967,8,-3.001,1,0.0515,6.21e-06,0.198,0.305,0.294,95.998,234880,"['finnish death metal', 'finnish melodeath', 'groove metal', 'melodic death metal', 'metal', 'power metal', 'speed metal']",53,679904,https://open.spotify.com/playlist/37i9dQZF1DWWOaP4H0w5b0?si=2a13554e54eb496d
metal_essentials,School's Out,Alice Cooper,spotify:track:5Z8EDau8uNcP1E8JvmfkZe,0.294,0.745,5,-9.138,1,0.0461,0.05,0.125,0.676,0.347,134.364,210107,"['album rock', 'classic rock', 'detroit rock', 'glam metal', 'glam rock', 'hard rock', 'metal', 'protopunk', 'rock']",61,3593285,https://open.spotify.com/playlist/37i9dQZF1DWWOaP4H0w5b0?si=2a13554e54eb496d
metal_essentials,Nobody's Fool,Cinderella,spotify:track:01Q4wU19hamqnhNjtuvTyI,0.367,0.445,9,-13.615,0,0.0286,0.0478,0.00284,0.163,0.149,67.197,287400,"['album rock', 'glam metal', 'hard rock']",54,1694158,https://open.spotify.com/playlist/37i9dQZF1DWWOaP4H0w5b0?si=2a13554e54eb496d
metal_essentials,Symbolic,Death,spotify:track:0dpFb4qv92TE9R00Lq4SAW,0.364,0.982,6,-7.034,0,0.195,6.65e-05,0.0124,0.163,0.127,113.772,392800,"['death metal', 'dissonant death metal', 'florida death metal', 'groove metal', 'hard rock', 'metal', 'speed metal', 'technical death metal']",53,789018,https://open.spotify.com/playlist/37i9dQZF1DWWOaP4H0w5b0?si=2a13554e54eb496d
metal_essentials,Ritual,Ghost,spotify:track:5ZiTzbMB53mIiP3I4uQCmt,0.671,0.867,0,-5.194,0,0.0503,0.0882,3.29e-05,0.119,0.698,132.01,268747,"['hard rock', 'metal']",72,2815725,https://open.spotify.com/playlist/37i9dQZF1DWWOaP4H0w5b0?si=2a13554e54eb496d
metal_essentials,Nemo,Nightwish,spotify:track:1RNwniZkJqdw9LMkkyynjx,0.494,0.735,0,-6.326,0,0.0348,0.000185,8.38e-05,0.086,0.359,125.042,276200,"['fantasy metal', 'finnish metal', 'finnish power metal', 'gothic metal', 'gothic symphonic metal', 'opera metal', 'power metal', 'symphonic metal']",63,2087190,https://open.spotify.com/playlist/37i9dQZF1DWWOaP4H0w5b0?si=2a13554e54eb496d
metal_essentials,To Hell and Back,Sabaton,spotify:track:1BrgjqSg9du0lj3TUMLluL,0.536,0.849,0,-4.702,1,0.0616,0.00318,0.00197,0.104,0.305,127.002,206547,"['power metal', 'swedish metal', 'swedish power metal']",68,1980649,https://open.spotify.com/playlist/37i9dQZF1DWWOaP4H0w5b0?si=2a13554e54eb496d
metal_essentials,You Can't Bring Me Down,Suicidal Tendencies,spotify:track:203xxdlledLFnkqrUleD72,0.272,0.958,0,-10.797,1,0.381,0.00195,4.63e-05,0.0915,0.0382,136.867,348093,"['alternative metal', 'california hardcore', 'crossover thrash', 'funk metal', 'hard rock', 'hardcore punk', 'metal', 'nu metal', 'old school thrash', 'punk', 'thrash metal']",52,676514,https://open.spotify.com/playlist/37i9dQZF1DWWOaP4H0w5b0?si=2a13554e54eb496d
metal_essentials,Brotherhood of the Snake,Testament,spotify:track:4VcN84ZdC7doe4yoIarJUA,0.289,0.989,1,-4.006,1,0.11,6e-06,0.179,0.122,0.198,136.419,253989,"['alternative metal', 'groove metal', 'hard rock', 'metal', 'old school thrash', 'thrash metal']",56,1027706,https://open.spotify.com/playlist/37i9dQZF1DWWOaP4H0w5b0?si=2a13554e54eb496d
metal_essentials,Redneck,Lamb of God,spotify:track:04EtBLFIxbcVt9NdYgcrpF,0.512,0.996,2,-2.1,1,0.114,5.63e-05,0.000167,0.347,0.0601,130.931,220880,"['alternative metal', 'groove metal', 'melodic metalcore', 'metal', 'nu metal', 'virginia metal']",61,1932023,https://open.spotify.com/playlist/37i9dQZF1DWWOaP4H0w5b0?si=2a13554e54eb496d
metal_essentials,Vote with a Bullet,Corrosion Of Conformity,spotify:track:5Z7U8TRHAlX2uL2lVYv5Wa,0.493,0.938,11,-6.526,1,0.105,4.7e-05,0.0339,0.0851,0.567,136.521,205507,"['alternative metal', 'groove metal', 'industrial metal', 'north carolina metal', 'nu metal', 'old school thrash', 'sludge metal', 'stoner metal', 'stoner rock']",44,287734,https://open.spotify.com/playlist/37i9dQZF1DWWOaP4H0w5b0?si=2a13554e54eb496d
metal_essentials,Blow Your Trumpets Gabriel,Behemoth,spotify:track:4JynkH6Oa9cJ0zUTzYA2UP,0.173,0.938,6,-4.642,1,0.0807,0.000216,0.00244,0.271,0.176,118.064,265440,"['black metal', 'death metal', 'groove metal', 'metal', 'pagan black metal', 'polish black metal', 'polish death metal', 'polish metal']",48,588639,https://open.spotify.com/playlist/37i9dQZF1DWWOaP4H0w5b0?si=2a13554e54eb496d
metal_essentials,Stand My Ground,Within Temptation,spotify:track:7Chqf4yGnQlLWAWic9b0ET,0.271,0.866,5,-4.072,0,0.0578,0.0489,0.000762,0.116,0.127,175.665,267987,"['dutch metal', 'gothic metal', 'gothic symphonic metal', 'symphonic metal']",61,1223463,https://open.spotify.com/playlist/37i9dQZF1DWWOaP4H0w5b0?si=2a13554e54eb496d
metal_essentials,From the Cradle to Enslave,Cradle Of Filth,spotify:track:14JG4VbsqeLsFuDJlkybOT,0.342,0.926,7,-6.313,0,0.0939,3.96e-05,0.683,0.186,0.0972,147.313,396829,"['black metal', 'british black metal', 'gothic black metal', 'gothic metal', 'metal', 'symphonic black metal', 'symphonic metal']",49,509951,https://open.spotify.com/playlist/37i9dQZF1DWWOaP4H0w5b0?si=2a13554e54eb496d
metal_essentials,Stinkfist,TOOL,spotify:track:0pwObEOHolQZSldJ2q1wpy,0.286,0.728,0,-6.608,1,0.0616,0.000174,0.836,0.133,0.467,171.441,312120,"['alternative metal', 'art rock', 'nu metal', 'post-grunge', 'progressive metal', 'progressive rock', 'rock']",68,3384366,https://open.spotify.com/playlist/37i9dQZF1DWWOaP4H0w5b0?si=2a13554e54eb496d
metal_essentials,Blood and Thunder,Mastodon,spotify:track:3jagGO7eHHuaD53ibehkux,0.364,0.935,2,-6.548,1,0.0724,8.58e-06,0.729,0.0317,0.478,92.717,228587,"['alternative metal', 'atlanta metal', 'metal', 'progressive groove metal', 'progressive sludge', 'sludge metal', 'stoner metal', 'stoner rock']",55,865090,https://open.spotify.com/playlist/37i9dQZF1DWWOaP4H0w5b0?si=2a13554e54eb496d
metal_essentials,Stone the Crow,DOWN,spotify:track:7DuRbuweGD2cpGN74cpPAF,0.444,0.911,11,-6.117,0,0.0398,0.0139,0.00955,0.0868,0.556,106.437,282507,"['alternative metal', 'groove metal', 'industrial metal', 'louisiana metal', 'nu metal', 'sludge metal', 'southern metal', 'stoner metal', 'supergroup']",42,390915,https://open.spotify.com/playlist/37i9dQZF1DWWOaP4H0w5b0?si=2a13554e54eb496d
metal_essentials,I Wanna Be Somebody,W.A.S.P.,spotify:track:6w8dBm5KlXxWejYrbGS1EJ,0.285,0.825,1,-7.049,0,0.0466,0.000826,0.0,0.268,0.516,164.611,223533,"['glam metal', 'hard rock', 'metal', 'speed metal']",51,920285,https://open.spotify.com/playlist/37i9dQZF1DWWOaP4H0w5b0?si=2a13554e54eb496d
metal_essentials,Just One Fix,Ministry,spotify:track:0Vcpo9El50PNNbZXfKbNti,0.539,0.982,0,-4.495,1,0.0592,1.42e-05,0.462,0.371,0.145,132.984,310293,"['alternative metal', 'industrial', 'industrial metal', 'industrial rock', 'nu metal']",48,489116,https://open.spotify.com/playlist/37i9dQZF1DWWOaP4H0w5b0?si=2a13554e54eb496d
metal_essentials,Black No. 1 (Little Miss Scare -All),Type O Negative,spotify:track:710B9xFjNOisQtKtppZE9p,0.348,0.7,4,-8.885,1,0.0611,0.0397,0.00228,0.106,0.416,93.614,675653,"['alternative metal', 'gothic metal', 'industrial metal', 'industrial rock', 'metal', 'nu metal']",58,926872,https://open.spotify.com/playlist/37i9dQZF1DWWOaP4H0w5b0?si=2a13554e54eb496d
metal_essentials,Replica,Fear Factory,spotify:track:5YeQoMo5py82YmqXMTjM5S,0.574,0.943,11,-5.238,1,0.0769,3.69e-05,0.0317,0.366,0.72,112.009,237360,"['alternative metal', 'groove metal', 'industrial metal', 'metal', 'nu metal', 'rap metal']",51,643987,https://open.spotify.com/playlist/37i9dQZF1DWWOaP4H0w5b0?si=2a13554e54eb496d
metal_essentials,I Don't Believe In Love - Remastered 2003,Queensrÿche,spotify:track:3p9GbXMy1f9Efhdfj0QNBG,0.551,0.991,2,-2.642,0,0.0962,0.0338,2.06e-05,0.429,0.259,117.98,263560,"['album rock', 'glam metal', 'hard rock', 'metal', 'progressive metal', 'us power metal']",52,642763,https://open.spotify.com/playlist/37i9dQZF1DWWOaP4H0w5b0?si=2a13554e54eb496d
metal_essentials,Alma Mater,Moonspell,spotify:track:6aY8pSRwrJ9IjPAzr0dd0S,0.235,0.867,9,-6.408,0,0.0647,0.000133,0.000938,0.0758,0.305,142.939,337307,"['gothic black metal', 'gothic metal', 'melodic death metal', 'metal', 'portuguese black metal', 'portuguese metal', 'portuguese rock', 'power metal']",41,231194,https://open.spotify.com/playlist/37i9dQZF1DWWOaP4H0w5b0?si=2a13554e54eb496d
metal_essentials,Punishment,Biohazard,spotify:track:3eI2C0gohXlg4AsavdYSiz,0.298,0.983,6,-6.566,0,0.464,0.00128,5.63e-05,0.78,0.106,89.629,284067,"['alternative metal', 'crossover thrash', 'funk metal', 'groove metal', 'hardcore', 'nu metal', 'nyhc', 'rap metal', 'rap rock']",38,179145,https://open.spotify.com/playlist/37i9dQZF1DWWOaP4H0w5b0?si=2a13554e54eb496d
metal_essentials,In Waves,Trivium,spotify:track:1yYr4D1KjhhyDD5bZIiFQy,0.477,0.94,9,-3.435,1,0.103,0.000211,0.0518,0.346,0.338,76.517,302467,"['alternative metal', 'groove metal', 'melodic metalcore', 'melodic thrash', 'metal', 'metalcore', 'nu metal', 'post-grunge']",58,1521207,https://open.spotify.com/playlist/37i9dQZF1DWWOaP4H0w5b0?si=2a13554e54eb496d
metal_essentials,Satan Is Real,Kreator,spotify:track:14M68PdZSSMRzTBuJNuxO6,0.43,0.96,7,-4.32,1,0.0778,5.64e-05,0.0909,0.126,0.252,101.608,278200,"['death metal', 'german metal', 'german thrash metal', 'hard rock', 'melodic thrash', 'metal', 'old school thrash', 'speed metal', 'thrash metal']",51,724664,https://open.spotify.com/playlist/37i9dQZF1DWWOaP4H0w5b0?si=2a13554e54eb496d
metal_essentials,K.I.N.G,Satyricon,spotify:track:6IvxXL0dqXJlgIoIFfMqFA,0.533,0.954,9,-6.632,1,0.0505,9.66e-06,0.398,0.051,0.398,129.758,216347,"[""black 'n' roll"", 'black metal', 'metal', 'norwegian black metal', 'norwegian metal', 'pagan black metal', 'symphonic black metal']",41,272081,https://open.spotify.com/playlist/37i9dQZF1DWWOaP4H0w5b0?si=2a13554e54eb496d
metal_essentials,Bleed,Meshuggah,spotify:track:4E6wpXABj8XosZEPXZz2OK,0.242,0.998,11,-5.64,1,0.0894,8.12e-06,0.88,0.284,0.18,114.642,442733,"['alternative metal', 'djent', 'groove metal', 'metal', 'nu metal', 'progressive groove metal', 'swedish metal', 'technical groove metal', 'technical thrash']",52,655859,https://open.spotify.com/playlist/37i9dQZF1DWWOaP4H0w5b0?si=2a13554e54eb496d
metal_essentials,Heaven's a Lie,Lacuna Coil,spotify:track:0I7y3aEavUHgkt4aCreBDa,0.426,0.881,4,-3.458,0,0.0403,0.0011,0.00279,0.124,0.384,140.004,286533,"['alternative metal', 'gothic metal', 'gothic symphonic metal', 'industrial metal', 'italian gothic', 'italian gothic metal', 'italian metal', 'nu metal', 'slayer', 'symphonic metal']",51,669949,https://open.spotify.com/playlist/37i9dQZF1DWWOaP4H0w5b0?si=2a13554e54eb496d
metal_essentials,Detox,Strapping Young Lad,spotify:track:5UCZhWiEj8q5jid3zu8JKw,0.117,0.983,2,-5.728,1,0.2,2.91e-06,0.0627,0.36,0.102,164.227,337000,"['canadian metal', 'groove metal', 'nu metal', 'progressive metal', 'vancouver metal']",37,156163,https://open.spotify.com/playlist/37i9dQZF1DWWOaP4H0w5b0?si=2a13554e54eb496d
metal_essentials,The Drapery Falls,Opeth,spotify:track:1kLXoAje5Z4mlZOAFgZZj3,0.103,0.859,7,-6.107,1,0.0803,0.000339,0.168,0.0974,0.306,186.415,652040,"['alternative metal', 'metal', 'progressive death metal', 'progressive metal', 'swedish metal', 'swedish progressive metal']",54,878660,https://open.spotify.com/playlist/37i9dQZF1DWWOaP4H0w5b0?si=2a13554e54eb496d
metal_essentials,I Will Be Heard,Hatebreed,spotify:track:4Lxn1JlGJwmmXpODrNvPA6,0.585,0.907,1,-4.787,1,0.102,7.21e-05,0.0,0.0682,0.573,92.634,178667,"['alternative metal', 'connecticut hardcore', 'hardcore', 'industrial metal', 'melodic metalcore', 'metalcore', 'nu metal']",54,598145,https://open.spotify.com/playlist/37i9dQZF1DWWOaP4H0w5b0?si=2a13554e54eb496d
